", ",، ,
0 = never purge,0 = عدم الحذف أبدًا,
0 of 0,0 من 0,
"1 = highest; Quick Send/Command Reply 1, Notification 3, Campaign 5",1 = الأعلى؛ الإرسال السريع/رد الأمر 1، الإشعار 3، الحملة 5,
1:1 back-link,رابط عكسي 1:1,
30 days,30 يومًا,
5–60 and ≤ `plan_messages_per_minute`,بين 5 و60 و≤ `plan_messages_per_minute`,
7 days,7 أيام,
= `outbound_message` name; sent to platform (D-024),= اسم `outbound_message`؛ يُرسل إلى المنصة (D-024),
= creation; explicit for reports,= وقت الإنشاء؛ يُحدد صراحةً للتقارير,
A campaign needs at least one message,تحتاج الحملة إلى رسالة واحدة على الأقل,
A command is a word the customer types. The function is what runs behind it and reads from the ledger.,الأمر كلمة يكتبها العميل. الدالة هي ما يُنفَّذ خلفه ويقرأ من الأستاذ المساعد.,
A command is a word the customer types; pick a function and give it a word.,الأمر كلمة يكتبها العميل؛ اختر دالة وأعطها كلمة.,
A disabled device cannot be the default,لا يمكن أن يكون الجهاز المعطّل هو الجهاز الافتراضي,
A higher rate raises the platform's ban risk.,المعدّل الأعلى يزيد خطر الحظر من المنصة.,
A higher rate raises the platform's ban risk. Recommended: {0}–{1} messages per minute.,المعدّل الأعلى يزيد خطر الحظر من المنصة. الموصى به {0}–{1} رسالة/دقيقة.,
A phone number is required for pair-code pairing,رقم الهاتف مطلوب للاقتران برمز الاقتران,
A phone number or a contact with a phone is required,مطلوب رقم هاتف أو جهة اتصال لها رقم هاتف,
"A phone, contact or WhatsApp number is required",مطلوب رقم هاتف أو جهة اتصال أو رقم واتساب,
A poll can have at most {0} options,لا يمكن أن يحتوي الاستطلاع على أكثر من {0} خيارات,
A poll needs at least {0} distinct options,يحتاج الاستطلاع إلى {0} خيارات مختلفة على الأقل,
A {0} message cannot carry a file of type {1},لا يمكن لرسالة من نوع {0} أن تحمل ملفًا من نوع {1},
API,واجهة برمجة التطبيقات,
API Key,مفتاح API,
API Secret,كلمة مرور API,
About,معلومات عن النظام,
About {0} h left,يتبقى نحو {0} ساعة,
About {0} min left,يتبقى نحو {0} دقيقة,
Access,الوصول,
Achieving {0}/min over the last hour.,التحقيق الفعلي {0}/دقيقة خلال الساعة الماضية.,
Acknowledge a matched command before executing,تأكيد استلام الأمر المطابق قبل تنفيذه,
Acted-on record,السجل المُتصرَّف فيه,
Action,حدث,
Actions,الإجراءات,
Active,نشط,
Active commands are locked. Stopping it pauses replies until you start it again.,الأوامر النشطة مقفلة. إيقاف الأمر يوقف الردود مؤقتًا حتى تبدأه من جديد.,
Active commands are locked. Stopping this command pauses its replies until you start it again.,الأوامر المفعّلة مقفلة. إيقاف هذا الأمر يوقف ردوده مؤقتًا حتى تشغّله من جديد.,
Activity,نشاط,
Actual time,المدة الفعلية,
Add a level,إضافة مستوى,
Add a message first,أضف رسالة أولًا,
Add a synonym to match automatically,أضف مرادفًا ليُطابق تلقائيًا,
Add all matching,أضف كل المطابق,
Add all {0} matching,أضف كل المطابق ({0}),
Add as contact,أضف كجهة اتصال,
Add at least one recipient,أضف مستلمًا واحدًا على الأقل,
Add by,الإضافة عبر,
Add members,أضف أعضاء,
Add members of 1 group,أضف أعضاء مجموعة واحدة,
Add members of {0} group,أضف أعضاء {0} مجموعة,
Add members of {0} groups,أضف أعضاء {0} من المجموعات,
Add members to {0},إضافة أعضاء إلى {0},
Add numbers,أضف أرقامًا,
Add recipients,أضف مستلمين,
Add recipients to {0},إضافة مستلمين إلى {0},
Add rows,أضف صفوفًا,
Add to the list,الإضافة إلى القائمة,
Add {0} as a contact,إضافة {0} كجهة اتصال,
Add {0} numbers?,إضافة {0} من الأرقام؟,
Add {0} rows,أضف {0} من الصفوف,
Added At,أُضيف في,
Added By,أضيف من قبل,
Added On,تاريخ الإضافة,
Added after Start,أُضيف بعد البدء,
Added {0},تمت إضافة {0},
Added {0} ({1} skipped),تمت إضافة {0} (تم تخطي {1}),
Added {0} members,تمت إضافة {0} من الأعضاء,
Added {0} records,تمت إضافة {0} من السجلات,
Added {0} rows,أُضيف {0} من الصفوف,
Added {0} to the selection,تمت إضافة {0} إلى التحديد,
Added {0} to the selection ({1} already selected),تمت إضافة {0} إلى التحديد ({1} محدد مسبقًا),
Added {0} to the selection. {1} were already selected.,أُضيف {0} إلى التحديد. {1} كانت محددة مسبقًا.,
Added {0}. Skipped {1} already added and {2} invalid.,أُضيف {0}. تم تخطي {1} موجودة مسبقًا و{2} غير صالحة.,
Adding {0}\u2026,جارٍ إضافة {0}\u2026,
Adding {0}…,جارٍ إضافة {0}…,
After,بعد,
"After {0}, not including it",بعد {0}، دون تضمينه,
Aggregate of this recipient's Outbound rows (worst-of when multi-message),مجمّع من صفوف الصادر لهذا المستلم (الأسوأ عند تعدد الرسائل),
Alert disabled,تم تعطيل التنبيه,
Alert enabled,تم تفعيل التنبيه,
Alerts,التنبيهات,
All,الكل,
All groups collapsed.,تم طيّ كل المجموعات.,
All groups expanded.,تم فتح كل المجموعات.,
All lists defined in the system,كل القوائم المعرّفة في النظام,
All messages handed to the queue.,سُلّمت كل الرسائل إلى الطابور.,
All of {0},يوم {0} كاملاً,
All rows on this page selected.,تم تحديد كل صفوف هذه الصفحة.,
Allow Multiple Answers,السماح بإجابات متعددة,
Allowed Group,المجموعة المسموح بها,
Allowed Party Types,أنواع الأطراف المسموح بها,
Allowed parties,الجهات المسموح لها,
Already added,مضاف مسبقًا,
Already added (skipped),مضاف مسبقًا (تم تخطيه),
Already added {0},مضاف مسبقًا {0},
Also copied to Audit `Queue Paused`,يُنسخ أيضًا إلى سجل التدقيق `Queue Paused`,
Any format works; it is normalised automatically.,أي صيغة تعمل؛ يُوحَّد الرقم تلقائيًا.,
Any format; normalised to E.164.,بأي صيغة؛ يُعيَّر إلى E.164.,
Apply,تطبيق,
April,أبريل,
At least one column has to stay.,يجب إبقاء عمود واحد على الأقل.,
"At least one message. Every recipient receives all of them, in order.",رسالة واحدة على الأقل، ويستلم كل مستلم جميعها بالترتيب.,
At least one row,صف واحد على الأقل,
At the current rate,بالمعدّل الحالي,
"At this rate, draining the current queue takes {0}.",بهذا المعدّل، تفريغ الطابور الحالي يستغرق {0}.,
Attach Print,إرفق طباعة,
Attach a file for a {0} message.,أرفق ملفًا لرسالة من نوع {0}.,
Attach fieldname on the document,اسم حقل المرفق في المستند,
Attach from Field,إرفاق من حقل,
Attachment,مرفق,
Attachment: {0},المرفق: {0},
Attempts,المحاولات,
Audio,صوت,
Audit Retention (days),مدة الاحتفاظ بسجل التدقيق (أيام),
Audit `Queue Items Deleted`,سجل التدقيق `Queue Items Deleted`,
Audit details must not contain secret-like keys: {0},يجب ألا تحتوي تفاصيل التدقيق على مفاتيح تشبه الأسرار: {0},
Audit: Command Defaults Restored,تدقيق: تمت استعادة الإعدادات الافتراضية للأمر,
August,أغسطس,
Auto-linked on insert,يُربط تلقائيًا عند الإدراج,
Available Variables,المتغيرات المتاحة,
Avg Duration (ms),متوسط المدة (مللي ثانية),
B,بايت,
Back,رجوع,
Back to upload,العودة إلى الرفع,
Balance after sending,الرصيد بعد الإرسال,
Balance after: {0},الرصيد بعدها: {0},
Base for exponential backoff on transient errors,الأساس للتراجع الأسي عند الأخطاء العابرة,
Batch ID,هوية الباتش,
Before,قبل,
"Before {0}, not including it",قبل {0}، دون تضمينه,
Between,بين,
Blacklist,القائمة السوداء,
Blacklist members are blocked from commands and campaigns,أعضاء القائمة السوداء محظورون من الأوامر والحملات,
Blacklisted,في القائمة السوداء,
Blacklisted numbers,الأرقام في القائمة السوداء,
Blacklists,القوائم السوداء,
Block Reason,سبب الحظر,
Block reason,سبب الحظر,
Blocked,محظور,
Blocked Group,المجموعة المحظورة,
Blocked from commands and campaigns,محجوبة من الأوامر والحملات,
Blocks non-campaign sends to numbers with `inbound_count = 0` and `conversation_confirmed = 0`,يحظر الإرسال غير الحملات إلى الأرقام التي `inbound_count = 0` و `conversation_confirmed = 0`,
Body,النص,
"Body source; context = rows, columns, report, alert","مصدر النص؛ السياق = rows, columns, report, alert",
Bulk Send,إرسال جماعي,
"Bulk sending to a group of contacts from one template, at a controlled rate, with step-by-step tracking.",إرسال جماعي لمجموعة جهات من قالب واحد، بمعدّل محكوم ومتابعة لحظية.,
Business document that triggered the message,مستند الأعمال الذي أطلق الرسالة,
Cache from `get_subscription_status`,مخزَّن مؤقتًا من `get_subscription_status`,
Calls,مكالمات هاتفية,
Campaign,حملة,
Campaign Cancelled,تم إلغاء الحملة,
Campaign Message #,رقم رسالة الحملة,
Campaign Name,اسم الحملة,
Campaign Paused,تم إيقاف الحملة مؤقتًا,
Campaign Recipient Row,صف مستلم الحملة,
Campaign Recipients Changed,تغيّر مستلمو الحملة,
Campaign Resumed,تم استئناف الحملة,
Campaign Started,بدأت الحملة,
Campaign cancelled,تم إلغاء الحملة,
Campaign device is not registered on the platform,جهاز الحملة غير مسجّل في المنصة,
Campaign for this group,حملة لهذه المجموعة,
Campaign for {0},حملة لـ {0},
Campaign has no message {0},لا تحتوي الحملة على الرسالة {0},
Campaign has no messages,لا تحتوي الحملة على رسائل,
Campaign has no recipients,لا تحتوي الحملة على مستلمين,
Campaign is not paused,الحملة ليست متوقفة مؤقتًا,
Campaign is not scheduled,الحملة غير مجدولة,
Campaign or owner name…,اسم الحملة أو المالك…,
Campaign paused,تم إيقاف الحملة مؤقتًا,
Campaign progress,تقدم الحملة,
Campaign resumed,تم استئناف الحملة,
Campaign scheduled,تمت جدولة الحملة,
Campaign started,بدأت الحملة,
Campaign status,حالة الحملة,
Campaign {0} cannot go from {1} to {2},لا يمكن نقل الحملة {0} من {1} إلى {2},
Campaign {0} is already {1},الحملة {0} بالفعل {1},
Campaign {0} is {1},الحملة {0} {1},
Campaign {0} is {1}; recipients cannot change,الحملة {0} {1}؛ لا يمكن تغيير المستلمين,
Campaigns,الحملات,
Cancel,إلغاء,
Cancel ({0}),إلغاء ({0}),
Cancel Reason,سبب الإلغاء,
Cancel campaign,إلغاء الحملة,
Cancel message,إلغاء الرسالة,
Cancel messages,إلغاء الرسائل,
Cancel the campaign?,إلغاء الحملة؟,
Cancel this message?,إلغاء هذه الرسالة؟,
Cancel {0},إلغاء {0},
Cancel {0} campaigns?,إلغاء {0} من الحملات؟,
Cancel {0} message?,إلغاء {0} رسالة؟,
Cancel {0} messages?,إلغاء {0} من الرسائل؟,
Cancel {0}?,إلغاء {0}؟,
Cancelled,ألغيت,
Cancelled At,أُلغي في,
Cancelled By,أُلغي بواسطة,
Cancelled {0} campaigns,أُلغيت {0} من الحملات,
Cannot order by {0},لا يمكن الترتيب حسب {0},
Cannot read file {0}: {1},تعذّرت قراءة الملف {0}: {1},
Cannot read the Excel file: {0},تعذّرت قراءة ملف Excel: {0},
Cannot read the vCard file: {0},تعذّرت قراءة ملف vCard: {0},
Cannot save an empty file,لا يمكن حفظ ملف فارغ,
Caption,التعليق,
Cards,بطاقات,
Casefolded + trimmed on save; unique against every other command's code and synonyms,يُحوَّل إلى أحرف صغيرة ويُشذَّب عند الحفظ؛ فريد مقابل رمز كل أمر آخر ومرادفاته,
Catalog Checked At,تاريخ فحص الفهرس,
Catalog Source,مصدر الفهرس,
Categories,التصنيفات,
Category,فئة,
Change %,نسبة التعديل,
Change the filters or the period to see more.,غيّر المرشحات أو الفترة لرؤية المزيد.,
Change the filters to widen the search.,غيّر المرشحات لتوسيع البحث.,
Changes apply to {0} {1}.,تُطبَّق التغييرات على {0} {1}.,
Charged from plan,يُخصم من الباقة,
Charged from the plan,يُخصم من الباقة,
Chat JID,JID للمحادثة,
Check,التحقق من,
Check the invalid rows below or choose another phone column.,راجع الصفوف غير الصالحة أدناه أو اختر عمود هاتف آخر.,
Checking numbers\u2026,جارٍ فحص الأرقام…,
Checking numbers…,جارٍ فحص الأرقام…,
Checking {0} numbers against the list\u2026,جارٍ مطابقة {0} من الأرقام مع القائمة\u2026,
Checking {0} numbers against the list…,جارٍ مطابقة {0} من الأرقام مع القائمة…,
Checksum,المجموع الاختباري,
Child row `name`,`name` للصف الفرعي,
Choices,الخيارات,
Choose,اختر,
Choose a Template or write a Message,اختر قالبًا أو اكتب رسالة,
Choose a device for the campaign,اختر جهازًا للحملة,
Choose a reference document type to list its fields.,اختر نوع المستند المرجعي لعرض حقوله.,
Choose a reference document type to preview with a real record.,اختر نوع المستند المرجعي للمعاينة بسجل حقيقي.,
Choose a screen,اختر شاشة,
Choose an option,اختر خيارًا,
Choose the column that holds the phone number,اختر العمود الذي يحوي رقم الهاتف,
"Choose the column that holds the phone number, then continue to re-read the file.",اختر العمود الذي يحوي رقم الهاتف، ثم تابع لإعادة قراءة الملف.,
Choose the device that sends the message.,اختر الجهاز الذي يرسل الرسالة.,
Choose {0},اختر {0},
Choosing copies body/attachment/print_format into the row; later template edits do not propagate,الاختيار ينسخ النص/المرفق/print_format إلى الصف؛ تعديلات القالب اللاحقة لا تنتقل,
Claim time; stale claims (> 10 min) re-queued by reconcile,وقت الحجز؛ الحجوزات القديمة (> 10 دقائق) تُعاد إلى الطابور عبر المطابقة,
Claimed At,حُجز في,
Claimed by the dispatcher (attempt {0} of {1}),حجزه المرسِل (المحاولة {0} من {1}),
Clear,مسح,
Clear all,مسح الكل,
Clear filters,مسح المرشحات,
Clear {0},مسح {0},
Client Ref,مرجع العميل,
Code or synonym that matched,الرمز أو المرادف الذي تطابق,
Collapse all,طيّ الكل,
Collapse {0},طيّ {0},
"Column fieldname holding a phone; one message per distinct value, rows filtered to that value",اسم حقل العمود الذي يحوي رقم الهاتف؛ رسالة واحدة لكل قيمة مميزة، والصفوف مُرشّحة على تلك القيمة,
Column header,عنوان العمود,
Columns,الأعمدة,
Columns were detected. Change them here or skip this step.,تم اكتشاف الأعمدة. غيّرها هنا أو تخطَّ هذه الخطوة.,
Command,الأمر,
Command Arguments,وسائط الأمر,
Command Changed,تغيّر الأمر,
Command Defaults Restored,تمت استعادة الإعدادات الافتراضية للأمر,
Command Error,خطأ في الأمر,
Command Reply,رد الأمر,
Command Service User,مستخدم خدمة الأوامر,
Command Service User cannot be Administrator,لا يمكن أن يكون مستخدم خدمة الأوامر هو Administrator,
Command Service User is not configured,مستخدم خدمة الأوامر غير مضبوط,
Command Service User is required when commands are enabled,مستخدم خدمة الأوامر مطلوب عند تفعيل الأوامر,
Command Service User must not be a System Manager,يجب ألا يحمل مستخدم خدمة الأوامر دور System Manager,
Command Service User {0} does not exist,مستخدم خدمة الأوامر {0} غير موجود,
Command Service User {0} is disabled,مستخدم خدمة الأوامر {0} معطّل,
Command Service User {0} must not hold the System Manager role,يجب ألا يحمل مستخدم خدمة الأوامر {0} دور System Manager,
Command Status,حالة الأمر,
Command Word,كلمة الأمر,
Command Word is required,كلمة الأمر مطلوبة,
Command created,تم إنشاء الأمر,
Command saved,تم حفظ الأمر,
Command started,تم بدء الأمر,
Command stopped,تم إيقاف الأمر,
Command trace,تتبّع الأمر,
Command word,كلمة الأمر,
"Command word, synonym or function…",كلمة الأمر، مرادف، أو اسم دالة…,
Command {0} is Active; deactivate it before changing {1},الأمر {0} نشط؛ عطّله قبل تغيير {1},
Command {0} is Active; deactivate it before editing,الأمر {0} نشط؛ عطّله قبل التعديل,
Command {0} not found,الأمر {0} غير موجود,
Commands,الأوامر,
Commands Disabled,الأوامر معطّلة,
Commands are edited in the dialog.,تُعدَّل الأوامر في مربع الحوار.,
"Commands are routed by the worker, not in a web request",تُوجَّه الأوامر عبر العامل (worker)، وليس ضمن طلب ويب,
Common,شائعة,
Comparison,نوع المقارنة,
Complete this step before continuing,أكمل هذه الخطوة قبل المتابعة,
Completed,أكتمل,
Completed At,اكتمل في,
Completed/Partially Failed/Cancelled,مكتمل/فشل جزئيًا/ملغى,
Computed in validate: key exists in code registry,يُحسب في validate: المفتاح موجود في سجل الكود,
Condition,الحالة,
Condition is not a valid expression: {0},الشرط ليس تعبيرًا صالحًا: {0},
Confirm conversation,تأكيد المحادثة,
Confirm this conversation?,تأكيد هذه المحادثة؟,
Confirmation Note,ملاحظة التأكيد,
Confirmation removed,تمت إزالة التأكيد,
Confirmed At,تم التأكيد في,
Confirmed By,تم التأكيد بواسطة,
Connected,متصل,
Connected At,اتصل في,
Connection,الاتصال,
Connection Status,حالة الاتصال,
Connection Test,اختبار الاتصال,
Connection Tested,تم اختبار الاتصال,
Contact,جهة اتصال,
Contact Group,مجموعة جهات الاتصال,
Contact Group Members Changed,تغيّر أعضاء مجموعة جهات الاتصال,
Contact Link Fieldname,اسم حقل ربط جهة الاتصال,
Contact groups,مجموعات جهات الاتصال,
Contact has no phone number,جهة الاتصال ليس لها رقم هاتف,
Contact in the system,جهة الاتصال في النظام,
Contact link,ربط الجهة,
Contact name or WhatsApp push name at send time,اسم جهة الاتصال أو اسم واتساب المعروض وقت الإرسال,
Contact {0} has no WhatsApp number,جهة الاتصال {0} ليس لها رقم واتساب,
Contact {0} not found,جهة الاتصال {0} غير موجودة,
Content,المحتوى,
Context,سياق الكلام,
Conversation,المحادثة,
Conversation Confirmed,تم تأكيد المحادثة,
Conversation actions,إجراءات المحادثة,
Conversation confirmed,تم تأكيد المحادثة,
ConversationDrawer needs a key,يحتاج ConversationDrawer إلى مفتاح,
Copied,تم النسخ,
"Copied from Function on create; ""restore defaults"" re-copies",يُنسخ من الدالة عند الإنشاء؛ «استعادة الإعدادات الافتراضية» تعيد النسخ,
Copied from Settings at create,يُنسخ من الإعدادات عند الإنشاء,
Copied to Queue Item at create,يُنسخ إلى عنصر الطابور عند الإنشاء,
Copy,نسخ,
Could not load,تعذّر التحميل,
Could not load the conversation,تعذّر تحميل المحادثة,
Could not render the document: {0},تعذّر تصيير المستند: {0},
Could not search {0}.,تعذّر البحث في {0}.,
Count,عد,
Counted from body on save,يُحسب من النص عند الحفظ,
"Counters = Outbound rows by campaign + status, refreshed by runner",العدادات = صفوف الصادر حسب الحملة والحالة، يحدّثها المشغّل,
Country code,رمز الدولة,
Create a campaign to send one message to many recipients.,أنشئ حملة لإرسال رسالة واحدة إلى مستلمين كثيرين.,
Create a contact group first.,أنشئ مجموعة جهات اتصال أولًا.,
Create a group or import a CSV to target it from campaigns.,أنشئ مجموعة أو استورد ملف CSV لاستهدافها من الحملات.,
Create a new contact,إنشاء جهة اتصال جديدة,
Create a template once and pick it every time you send.,أنشئ القالب مرة واحدة واختره في كل إرسال.,
Create command,إنشاء أمر,
Created,تاريخ الإنشاء,
Created ({0}),أُنشئ ({0}),
Created On,تاريخ الإنشاء,
Created from `message.received`/`reaction`,أُنشئ من `message.received`/`reaction`,
Creating a contact is suggested,يُقترح إنشاء جهة اتصال له,
Credentials,بيانات الاعتماد,
Credentials Changed,تغيّرت بيانات الاعتماد,
Credentials Updated At,تاريخ تحديث بيانات الاعتماد,
Current members,الأعضاء الحاليون,
Current rate,المعدّل الحالي,
Current recipients,المستلمون الحاليون,
Current rows,الصفوف الحالية,
Customer API Key,مفتاح API للعميل,
Daily,يوميا,
Danger,خطر,
Dashboard updated,تم تحديث لوحة المعلومات,
Data,البيانات,
Date,التاريخ,
Date field,حقل التاريخ,
Day of Month,يوم الشهر,
Day of Month must be between 1 and 28,يجب أن يكون يوم الشهر بين 1 و28,
Day of Week,يوم من الأسبوع,
Day of Week is required for a Weekly alert,يوم الأسبوع مطلوب للتنبيه الأسبوعي,
Days,أيام,
Days After,أيام بعد,
Days Before,أيام قبل,
Days Before or After,أيام قبل أو بعد,
Deactivate commands {0} before removing the function,عطّل الأوامر {0} قبل إزالة الدالة,
Dead Letter,رسائل ميتة,
Dead Letter Reason,سبب الرسالة الميتة,
Dead letter: {0},رسالة ميتة: {0},
December,ديسمبر,
"Dedupe key; unique per `(device, provider_message_id)` (composite index patch, D-029)","مفتاح منع التكرار؛ فريد لكل `(device, provider_message_id)` (رقعة الفهرس المركّب، D-029)",
Default,الافتراضي,
Default Country,الدولة الافتراضية,
Default Device,الجهاز الافتراضي,
Default Template,القالب الافتراضي,
Default from Settings; must be ≤ Settings value,الافتراضي من الإعدادات؛ يجب أن يكون ≤ قيمة الإعدادات,
Defaults Restored At,تاريخ استعادة الإعدادات الافتراضية,
Defaults copied to Commands,الإعدادات الافتراضية المنسوخة إلى الأوامر,
Defaults restored,تمت استعادة الإعدادات الافتراضية,
Delay after Previous (s),التأخير بعد السابقة (ث),
Delete Demo Data,حذف البيانات التجريبية,
Delete Reason,سبب الحذف,
Deleted,حذف,
Deleted At,حُذف في,
Deleted By,حُذف بواسطة,
Delivered,تسليم,
Delivered At,تم التسليم في,
Delivered {0},مستلم {0},
Delivery,تسليم,
Delivery rate,نسبة التوصيل,
Denormalized,غير معياري (منسوخ),
Denormalized for claim query + User Permissions,منسوخ لاستعلام الحجز وصلاحيات المستخدم,
Description,وصف,
Details,تفاصيل,
Details must be valid JSON,يجب أن تكون التفاصيل JSON صالحًا,
Details of {0},تفاصيل {0},
Detect automatically,اكتشاف تلقائي,
Device,الجهاز,
Device Connected,تم اتصال الجهاز,
Device Created,تم إنشاء الجهاز,
Device Deleted,تم حذف الجهاز,
Device Disconnected,انقطع اتصال الجهاز,
Device Fallback,الجهاز البديل,
Device Limit,حد الأجهزة,
Device Name,اسم الجهاز,
Device name is required,اسم الجهاز مطلوب,
Device requested,الجهاز المطلوب,
Device {0} is already connected,الجهاز {0} متصل بالفعل,
Device {0} is disabled,الجهاز {0} معطّل,
Device {0} is not registered on the platform,الجهاز {0} غير مسجّل في المنصة,
Diagnostics,التشخيص,
Direction,الاتجاه,
Disable,تعطيل,
Disable {0}?,تعطيل {0}؟,
Disabled,معطل,
Disabled groups are not offered in the picker,المجموعات المعطّلة لا تُعرض في المنتقي,
Disabled — click to enable,معطّل — انقر للتفعيل,
Discard and switch,تجاهل وبدّل,
Discard the current selection?,تجاهل التحديد الحالي؟,
Disconnected,غير متصل,
Disconnected At,انقطع الاتصال في,
Dispatch,ارسال,
Dispatcher attempts,محاولات المرسِل,
Display,طريقة العرض,
Display Name,اسم العرض,
Display Name Fieldname,اسم حقل الاسم المعروض,
"Doc event name (e.g. on_update_after_submit), not a dotted path",اسم حدث المستند (مثل on_update_after_submit)، وليس مسارًا منقّطًا,
DocType,نوع المستند,
DocType {0} not found,نوع المستند {0} غير موجود,
Document,وثيقة,
Document Field,حقل المستند,
Document Type,نوع الوثيقة,
Document Type is required,نوع المستند مطلوب,
Document name is required,اسم المستند مطلوب,
Document no.,رقم المستند,
Document type,نوع المستند,
Done,تم,
Draft,مشروع,
Drains by,يفرغ عند,
Drains in,التفريغ خلال,
Dry run — nothing is sent and nothing is saved.,تشغيل تجريبي — لا يُرسل شيء ولا يُحفظ شيء.,
Due in 24 hours,مستحقة خلال 24 ساعة,
Duplicate Deliveries,عمليات التسليم المكررة,
Duplicate in selection,مكرر في التحديد,
Duplicates in selection (merged),مكررات في التحديد (تم دمجها),
Duplicates in selection {0},مكررات في التحديد {0},
Dynamic Filters,مرشحات ديناميكية,
E.164 default region for national numbers,المنطقة الافتراضية لـ E.164 للأرقام الوطنية,
E.164 for individuals; JID for Group/LID,E.164 للأفراد؛ JID للمجموعة/LID,
Each notification ties a document event to a message sent automatically from a chosen device.,كل إشعار يربط حدثًا في النظام برسالة تُرسل تلقائيًا من جهاز محدد.,
Earliest dispatch time,أبكر وقت للإرسال,
Edit,تعديل,
Edit command,تعديل الأمر,
"Edit this command with ""Open editor"".",عدّل هذا الأمر عبر «فتح المحرر».,
Edited after approval,تعديل بعد الاعتماد,
Effective value; validated by fieldtype/choices,القيمة الفعلية؛ يتم التحقق منها حسب نوع الحقل/الخيارات,
Elevated Contact Read,قراءة جهات الاتصال المرتفعة,
Elevated Contact Write,كتابة جهات الاتصال المرتفعة,
Emoji,رمز تعبيري,
Empty = ASAP,فارغ = في أقرب وقت,
Empty = Settings.default_device,فارغ = Settings.default_device,
Empty = `title_field` of the DocType,فارغ = `title_field` لنوع المستند,
Empty = all,فارغ = الكل,
Empty = default device,فارغ = الجهاز الافتراضي,
Empty = manual start (Immediate); set = Scheduled,فارغ = بدء يدوي (فوري)؛ محدد = مجدول,
Empty = reply from the device that received the inbound,فارغ = الرد من الجهاز الذي استقبل الرسالة الواردة,
Enable Commands,تفعيل الأوامر,
Enable {0}?,تفعيل {0}؟,
Enabled,تمكين,
Enabled — click to disable,مفعّل — انقر للتعطيل,
Ended At,انتهى عند,
"Enter a number with its country code, e.g. {0}",أدخل رقمًا مع رمز الدولة، مثل {0},
Enter a phone number to look up the recipient.,أدخل رقم الهاتف للبحث عن المستلم.,
Enter a phone number to resolve the recipient.,أدخل رقم هاتف لتحديد المستلم.,
Enter the recipient's phone number.,أدخل رقم هاتف المستلم.,
Enter the text and the sender phone,أدخل النص ورقم هاتف المرسل,
Error,خطأ,
Error Code,رمز الخطأ,
Error Message,رسالة خطأ,
Errors,أخطاء,
Estimated time,المدة التقديرية,
Event,حدث,
Event ID,معرّف الحدث,
Event Timestamp,الطابع الزمني للحدث,
Every inbound message matched a command,كل رسالة واردة طابقت أمرًا,
Every linked device is connected,كل الأجهزة المرتبطة متصلة,
"Every message waiting to go out, in send order.",كل رسالة تنتظر الخروج، بترتيب الإرسال.,
Every number you have exchanged messages with. Link it to a contact or open the conversation.,كل رقم تبادلت معه الرسائل. اربطه بجهة اتصال أو افتح المحادثة.,
Every selected number is already in the list or invalid \u2014 nothing to add.,كل الأرقام المحددة موجودة في القائمة مسبقًا أو غير صالحة \u2014 لا شيء لإضافته.,
Every selected number is already in the list or invalid — nothing to add.,كل الأرقام المحددة موجودة في القائمة مسبقًا أو غير صالحة — لا شيء لإضافته.,
"Every selected number is already in the list or invalid, so there is nothing to add.",كل الأرقام المحددة موجودة في القائمة مسبقًا أو غير صالحة، فلا شيء يُضاف.,
Everything has been handed to the queue.,سُلّم كل شيء إلى الطابور.,
"Everything received from customers on your devices, with the matched command and the automatic reply.",كل ما وصل من العملاء عبر الأجهزة، مع الأمر المطابق والرد الآلي.,
"Everything received on your devices: the matched command, the reply and any errors.",كل ما وصل إلى أجهزتك: الأمر المطابق والرد والأخطاء إن وُجدت.,
Everything scheduled has gone out. New messages appear here the moment a form or campaign creates them.,كل ما كان مجدولًا قد خرج. تظهر الرسائل الجديدة هنا فور أن ينشئها نموذج أو حملة.,
"Everything sent from your devices: status, document, device and errors.",كل ما أُرسل من أجهزتك: الحالة والمستند والجهاز والأخطاء.,
Exactly one,واحد بالضبط,
Example: avoiding a ban while testing the campaign,مثال: تجنّب الحظر أثناء اختبار الحملة,
Excel,تفوق,
Excel file,ملف Excel,
Excel import needs the openpyxl package,يتطلب الاستيراد من Excel حزمة openpyxl,
Exclude Unknown Numbers,استبعاد الأرقام غير المعروفة,
Executed,تم التنفيذ,
Expand all,فتح الكل,
Expand {0},توسيع {0},
Expands to enabled users of the role,يتوسع إلى المستخدمين المفعّلين في الدور,
Expected drain time,الوقت المتوقّع للتفريغ,
Expected send,الإرسال المتوقّع,
Expression over data; empty = always,تعبير على البيانات؛ فارغ = دائمًا,
Expression over doc; safe_eval,تعبير على المستند؛ safe_eval,
FY,كاملة,
FY {0},س.م {0},
Failed,باءت بالفشل,
Failed At,فشل في,
Failed {0},فشل {0},
Failed: {0},فشل: {0},
Failure %,نسبة الفشل,
Failures,الإخفاقات,
February,فبراير,
"Fetched via `get_integration_webhook_secret_api` (D-013), never typed. Encrypted",يُجلب عبر `get_integration_webhook_secret_api` (D-013)، ولا يُكتب يدويًا أبدًا. مشفّر,
Field,حقل,
Fieldname,اسم الحقل,
Fieldname on `document_type` holding the phone,اسم الحقل في `document_type` الذي يحوي رقم الهاتف,
Fieldname on document_type,اسم الحقل في document_type,
"Fieldnames only, never values",أسماء الحقول فقط، وليس القيم أبدًا,
Fields Written,الحقول المكتوبة,
Fields not allowed in section {0}: {1},حقول غير مسموح بها في القسم {0}: {1},
File Name,اسم الملف,
File Name Template,قالب اسم الملف,
File is larger than {0} MB,حجم الملف أكبر من {0} ميغابايت,
File read,قراءة الملف,
File type,نوع الملف,
File {0} is too large to send,الملف {0} أكبر من أن يُرسل,
File {0} not found,الملف {0} غير موجود,
Fill in the required fields,املأ الحقول المطلوبة,
Fill in the required fields:,املأ الحقول الإلزامية:,
Filled only if media download is enabled for the message type,يُملأ فقط إذا كان تنزيل الوسائط مفعّلًا لنوع الرسالة,
Filter variables,تصفية المتغيرات,
Filters,فلاتر,
Filters cleared,تم مسح المرشحات,
Filters cleared.,مُسحت المرشحات.,
Filters must be valid JSON,يجب أن تكون المرشحات JSON صالحًا,
Final rendered text (Jinja already applied); PII → retention,النص النهائي المُصيَّر (بعد تطبيق Jinja)؛ بيانات شخصية ← الاحتفاظ,
First Message At,تاريخ أول رسالة,
First Seen,أول ظهور,
First half,النصف الأول,
"First list column, colour indicator; = `contact` set",أول عمود في القائمة، مؤشر لوني؛ = تعيين `contact`,
First message,أول رسالة صادرة,
First name,الاسم الأول,
First quarter,الربع الأول,
First reply produced (command or receipt),أول رد صادر (أمر أو إيصال),
First row = column headers. The phone column is detected from its header; choose it in the next step when detection fails.,الصف الأول = عناوين الأعمدة. يُكتشف عمود الهاتف من عنوانه؛ اختره في الخطوة التالية إذا فشل الاكتشاف.,
Fiscal period,فترة مالية,
Fiscal year,السنة المالية,
Fixed Number,رقم ثابت,
Flags,الأعلام,
For delivered/read/reaction routing,لتوجيه أحداث التسليم/القراءة/التفاعل,
Form,استمارة,
Fourth quarter,الربع الرابع,
Frappe Support,دعم فرابيه,
Free text with existing-value suggestions,نص حر مع اقتراحات من القيم الموجودة,
Friday,الجمعة,
From,من,
From JID,JID المرسل,
From `X-SND-Timestamp`,من `X-SND-Timestamp`,
From `accepted[].queue_id`,من `accepted[].queue_id`,
From `enqueue_messages_api.accepted[].queue_id`,من `enqueue_messages_api.accepted[].queue_id`,
From `list_devices_api.last_seen`,من `list_devices_api.last_seen`,
From `wa_webhook_*` on `list_devices_api`,من `wa_webhook_*` في `list_devices_api`,
From catalog,من الفهرس,
From catalog check,من فحص الفهرس,
From manifest,من البيان (manifest),
From manifest; default for new Commands,من البيان؛ الافتراضي للأوامر الجديدة,
"From manifest; source for ""restore defaults""",من البيان؛ المصدر لـ «استعادة الإعدادات الافتراضية»,
From time,وقت البداية,
From {0} onwards,من {0} وما بعده,
Function,وظيفة,
Function Inactive,الدالة غير نشطة,
Function Installed,تم تثبيت الدالة,
Function Key,مفتاح الدالة,
Function Name,اسم الدالة,
Function Removed,تمت إزالة الدالة,
Function Updated,تم تحديث الدالة,
Function calls from an inbound command,استدعاء دالة من أمر وارد,
Function is inactive,الدالة غير نشطة,
Function is not configured: document_type,الدالة غير مضبوطة: document_type,
Function time,زمن الدالة,
Function {0} has no registered handler on this site,الدالة {0} ليس لها معالج مسجّل في هذا الموقع,
Function {0} has no version {1},الدالة {0} ليس لها الإصدار {1},
Function {0} is already installed; use update,الدالة {0} مثبّتة بالفعل؛ استخدم التحديث,
Function {0} is not in the catalog,الدالة {0} غير موجودة في الفهرس,
Function {0} is not installed,الدالة {0} غير مثبّتة,
Functions Center,مركز الدوال,
GB,ج.ب,
Gallery,معرض,
Gap between consecutive messages to the same recipient,الفاصل بين الرسائل المتتالية إلى المستلم نفسه,
Gave up after retries: {0},توقفت المحاولات: {0},
Given up,تعذّر إرسالها,
Global Blacklist,القائمة السوداء العامة,
Global Blacklist must be a Contact Group of kind Blacklist,يجب أن تكون القائمة السوداء العامة مجموعة جهات اتصال من نوع القائمة السوداء,
Global dispatcher gate; write via `api.v1.queue.pause_queue` (WhatsApp Manager),بوابة المرسِل العامة؛ تُكتب عبر `api.v1.queue.pause_queue` (WhatsApp Manager),
Go to campaigns,الانتقال إلى الحملات,
Group,مجموعة,
Group Message,رسالة مجموعة,
Group Name,اسم المجموعة,
Group `@g.us` / LID; required for Group,`@g.us` للمجموعة / LID؛ مطلوب للمجموعة,
Group by,تجميع حسب,
Group name…,اسم المجموعة…,
Group of kind `Blacklist`; members never receive anything,مجموعة من نوع `Blacklist`؛ أعضاؤها لا يستلمون شيئًا أبدًا,
Group or 1:1 chat,مجموعة أو محادثة 1:1,
"Group rows come from picker source ""device groups""",صفوف المجموعات تأتي من مصدر المنتقي «مجموعات الجهاز»,
Grouped by {0},مُجمَّع حسب {0},
Grouped by {0}: {1},مجمّع حسب {0}: {1},
Grouping levels,مستويات التجميع,
H1,ن1,
H2,ن2,
Handed over,سُلِّم,
Handed to the platform ({0}),سُلّم إلى المنصة ({0}),
Handed to the sending platform ({0}),سُلِّمت إلى منصة الإرسال ({0}),
Handler Registered,تم تسجيل المعالج,
Held,محجوز,
Held At,حُجز في,
Held Reason,سبب الحجز,
Held back,موقوفة,
Held: {0},محجوز: {0},
Hide members,إخفاء الأعضاء,
High ban risk,خطر حظر مرتفع,
Hours,ساعات,
How,الطريقة,
"How fast messages leave. Empty uses the rate in Settings, and it can never exceed it.",سرعة خروج الرسائل. الفراغ يعني معدّل الإعدادات، ولا يمكن تجاوزه.,
How many recipients there were when it started.,عدد المستلمين حين بدأت.,
How many times it was paused.,كم مرة أُوقفت مؤقتاً.,
Human label; default = code,تسمية بشرية؛ الافتراضي = الرمز,
I understand the remaining messages will not be sent.,أفهم أن الرسائل المتبقية لن تُرسل.,
I understand these messages will not be sent.,أفهم أن هذه الرسائل لن تُرسل.,
IP Address,عنوان IP,
Ignored,متجاهَل,
Ignored (already sent or removed),متجاهَل (أُرسل أو أُزيل مسبقًا),
Ignored (not failed),متجاهَل (لم يفشل),
Image,صورة,
Immediate,فورية,
Import,استيراد,
"Import a contacts file exported from a phone (vCard .vcf, or CSV). This reads the file you upload, not the phone's address book.",استورد ملف جهات اتصال مُصدَّرًا من هاتف (vCard بصيغة .vcf أو CSV). يُقرأ الملف الذي ترفعه، لا دفتر عناوين الهاتف.,
In addition to Settings.global_blacklist_group,بالإضافة إلى Settings.global_blacklist_group,
In flight,قيد التنفيذ,
In queue,في الطابور,
In queue now,في الطابور الآن,
Inactive,غير نشط,
Inactive ↔ Active via action only,غير نشط ↔ نشط عبر الإجراء فقط,
Inactive: linked commands match but do not execute (block_reason = Function Inactive),غير نشط: الأوامر المرتبطة تتطابق لكن لا تُنفَّذ (block_reason = Function Inactive),
Inbound,الوارد,
Inbound Message,رسالة واردة,
Inbound Retention (days),مدة الاحتفاظ بالوارد (أيام),
Inbound message from {0},رسالة واردة من {0},
Inbound messages,الرسائل الواردة,
Inbound without a match,وارد بلا أمر مطابق,
Include today,تضمين اليوم الحالي,
Incoming text,النص الوارد,
Incremented by dispatcher,يزيده المرسِل,
"Incremented when the same `event_id` arrives again (200 returned, no reprocessing)",يزداد عند وصول نفس `event_id` مجددًا (يُعاد 200 دون إعادة معالجة),
Individual,فرد,
Info,معلومات,
Inline fallback when no template; required if template empty,بديل مضمّن عند غياب القالب؛ مطلوب إذا كان القالب فارغًا,
Inline fallback; required if template empty,بديل مضمّن؛ مطلوب إذا كان القالب فارغًا,
Insert at the cursor,إدراج عند المؤشر,
Insert {0},إدراج {0},
Installed At,تاريخ التثبيت,
Installed By,ثُبّت بواسطة,
Installed Version,الإصدار المثبّت,
Installed defaults; values editable,الإعدادات الافتراضية المثبّتة؛ القيم قابلة للتعديل,
Int,الباحث,
"International format, e.g. +9665\u2026",الصيغة الدولية، مثل +9665\u2026,
"International format, e.g. +9665…",الصيغة الدولية، مثل +9665…,
Invalid (skipped),غير صالح (تم تخطيه),
Invalid WhatsApp number or JID,رقم واتساب أو JID غير صالح,
Invalid WhatsApp number: {0},رقم واتساب غير صالح: {0},
Invalid filters: {0},مرشحات غير صالحة: {0},
Invalid phone number,رقم هاتف غير صالح,
Invalid phone number: {0},رقم هاتف غير صالح: {0},
Invalid sender number: {0},رقم مرسل غير صالح: {0},
Invalid value for {0},قيمة غير صالحة لـ {0},
"Invalid → row still stored with `Ignored` for forensics, payload blanked",غير صالح ← يُخزَّن الصف مع `Ignored` لأغراض التحقيق، ويُفرَّغ الحمل,
Is,يساوي,
JID,JID,
JID is required for Group recipients,JID مطلوب لمستلمي المجموعات,
January,يناير,
Jinja,جينجا,
Jinja over data.* (Text) or Print Format name (Document),Jinja على data.* (نص) أو اسم تنسيق الطباعة (مستند),
Jinja-evaluated dates,تواريخ مُقيَّمة عبر Jinja,
"Jinja; context = recipient row (display_name, phone, contact doc)","Jinja؛ السياق = صف المستلم (display_name, phone, contact doc)",
Jinja; empty = no reply,Jinja؛ فارغ = بلا رد,
Job Name,اسم الوظيفة,
Job that claimed the row,المهمة التي حجزت الصف,
July,يوليو,
June,يونيو,
KB,ك.ب,
Keep it,أبقِه,
Keep them,أبقِها,
Key,مفتاح,
Key facts,معلومات أساسية,
Key for `message.delivered/read`,مفتاح `message.delivered/read`,
Keyboard Shortcuts,اختصارات لوحة المفاتيح,
Kind,النوع,
Known number,رقم معروف,
LID,LID,
Label,ملصق,
Language,اللغة,
Last,الماضي,
Last / next,الماضي / القادم,
Last 12 months,آخر 12 شهراً,
Last 24 hours,آخر 24 ساعة,
Last 30 days,آخر 30 يوماً,
Last 7 days,آخر 7 أيام,
Last 90 days,آخر 90 يوماً,
Last Batch Started At,تاريخ بدء آخر دفعة,
Last Called At,آخر استدعاء في,
Last Connection Error,آخر خطأ اتصال,
Last Connection Test,آخر اختبار اتصال,
Last Device,آخر جهاز,
Last Direction,آخر اتجاه,
Last Error,آخر خطأ,
Last Error At,تاريخ آخر خطأ,
Last Error Code,رمز آخر خطأ,
Last Message At,تاريخ آخر رسالة,
Last Outbound,آخر رسالة صادرة,
Last Outbound created for the row,آخر رسالة صادرة أُنشئت للصف,
Last Run At,تاريخ آخر تشغيل,
Last Seen,آخر ظهور,
Last Sent At,تاريخ آخر إرسال,
Last Status Event At,تاريخ آخر حدث حالة,
Last Updated On,تاريخ آخر تعديل,
Last Used At,تاريخ آخر استخدام,
Last Webhook Event At,تاريخ آخر حدث ويب هوك,
Last `connection.*` webhook,آخر ويب هوك `connection.*`,
Last `creation` processed by the nightly distinct job,آخر `creation` عالجته المهمة الليلية للأرقام المميزة,
Last bulk source used,آخر مصدر إرسال جماعي مستخدم,
Last message,آخر رسالة,
Last month,الشهر الماضي,
Last name,اسم العائلة,
Last raw form seen,آخر صيغة خام شوهدت,
Last seen,آخر ظهور,
Last updated,آخر تحديث,
Last year,السنة الماضية,
Last {0},آخر {0},
Latency (ms),زمن الاستجابة (مللي ثانية),
Latest Version,أحدث إصدار,
Latest Version Date,تاريخ أحدث إصدار,
Latitude,خط العرض,
Leave empty to send now.,اتركه فارغًا للإرسال الآن.,
Leave it empty to start the campaign yourself. Give it a time and the campaign starts by itself.,اتركه فارغاً لتبدأ الحملة بنفسك. حدّد وقتاً فتبدأ الحملة من تلقاء نفسها.,
Less than a minute,أقل من دقيقة,
Letter Head,ترئيس الرسالة,
Lifetime counter; 30-day figure derived from Inbound,عدّاد تراكمي؛ رقم الـ30 يومًا مشتق من الوارد,
"Lifetime counter; 30-day figure derived from Inbound (command, received_at)","عدّاد تراكمي؛ رقم الـ30 يومًا مشتق من الوارد (command, received_at)",
"Lifetime counter; 30-day figure from Outbound (notification, creation)","عدّاد تراكمي؛ رقم الـ30 يومًا من الصادر (notification, creation)",
Link Status,حالة الربط,
Link an existing contact,ربط جهة اتصال موجودة,
Link api_key; sent as `Authorization: token k:s` (D-020). Encrypted,api_key للربط؛ يُرسل كـ `Authorization: token k:s` (D-020). مشفّر,
Link api_secret; also `X-SND-API-Secret` (D-020). Encrypted,api_secret للربط؛ وأيضًا `X-SND-API-Secret` (D-020). مشفّر,
Link field on the document,حقل الربط في المستند,
Link status,حالة التسجيل,
Link-to-Contact fieldname on `document_type`,اسم حقل الربط بجهة الاتصال في `document_type`,
Linked,مرتبط,
Linked At,رُبط في,
Linked By,رُبط بواسطة,
Linked Contact,جهة الاتصال المرتبطة,
Linked Document Field,حقل المستند المرتبط,
Linked record,السجل المرتبط,
Linked to,مرتبط بـ,
Linked to contact {0},مرتبط بجهة الاتصال {0},
List of platform event names accepted on the endpoint; written by save → `update_webhook_endpoint_api`,قائمة أسماء أحداث المنصة المقبولة على نقطة النهاية؛ تُكتب عند الحفظ ← `update_webhook_endpoint_api`,
List of strings,قائمة نصوص,
Lists used as campaign audiences and in command permissions. A blacklist is blocked from every send.,قوائم تُستهدف في الحملات وتُستخدم في صلاحيات الأوامر. القائمة السوداء محجوبة من كل إرسال.,
Live rows not Removed,الصفوف الحية غير المُزالة,
Load older,تحميل الأقدم,
Load older messages,تحميل رسائل أقدم,
Loading matching records\u2026 {0},جارٍ تحميل السجلات المطابقة\u2026 {0},
Loading matching records\u2026 {0} of {1},جارٍ تحميل السجلات المطابقة\u2026 {0} من {1},
Loading matching records… {0},جارٍ تحميل السجلات المطابقة… {0},
Loading matching records… {0} of {1},جارٍ تحميل السجلات المطابقة… {0} من {1},
Loading members of {0}: {1} of {2},جارٍ تحميل أعضاء {0}: {1} من {2},
Loading members of {0}\u2026 {1},جارٍ تحميل أعضاء {0}\u2026 {1},
Loading members of {0}… {1},جارٍ تحميل أعضاء {0}… {1},
Loading\u2026,جارٍ التحميل\u2026,
Loading…,جارٍ التحميل…,
"Local switch: dispatcher skips device, queue holds",مفتاح محلي: المرسِل يتخطى الجهاز والطابور يحتجز,
Location,الموقع,
Location Address,عنوان الموقع,
Location Name,اسم الموقع,
Location messages need latitude and longitude,تحتاج رسائل الموقع إلى خط العرض وخط الطول,
Locked,مغلق,
Log,سجل,
Logged Out,تسجيل الخروج,
Logged Out At,تاريخ تسجيل الخروج,
Longitude,خط الطول,
MB,م.ب,
MIME Type,نوع MIME,
Mailing List,قائمة بريدية,
Maintained on member insert/delete,يُحدَّث عند إدراج/حذف الأعضاء,
Mandatory Filters (JSON),مرشحات إلزامية (JSON),
Manifest,البيان (Manifest),
Manual,يدوي,
Manual entry,إدخال يدوي,
Manual override for `send_only_to_known_numbers`,تجاوز يدوي لـ `send_only_to_known_numbers`,
Map columns,تعيين الأعمدة,
March,مارس,
Mark {0} for removal,تحديد {0} للإزالة,
Marketing,التسويق,
"Marks {0} as a real, ongoing conversation. Agents rely on this flag.",يضع علامة على {0} كمحادثة حقيقية وجارية. يعتمد الوكلاء على هذه العلامة.,
Matched,متطابق,
Matched Text,النص المتطابق,
Matched command,الأمر المطابق,
Matched text,النص المتطابق,
Max Attempts,الحد الأقصى للمحاولات,
Max Attempts must be at least 1,يجب أن يكون الحد الأقصى للمحاولات 1 على الأقل,
May,مايو,
Media MIME,MIME للوسائط,
Media URL,رابط الوسائط,
Members,أعضاء,
Members Changed At,تاريخ تغيّر الأعضاء,
Members across all groups,مجموع أعضاء كل المجموعات,
Members in total,إجمالي الأعضاء,
"Members of this group are blocked everywhere: commands, campaigns and quick sends never reach them.",أعضاء هذه المجموعة محظورون في كل مكان: لا تصلهم الأوامر ولا الحملات ولا الإرسال السريع أبدًا.,
Message,رسالة,
Message Limit,حد الرسائل,
Message Type,نوع الرسالة,
Message body is empty,نص الرسالة فارغ,
Message cancelled,تم إلغاء الرسالة,
Message paused,تم إيقاف الرسالة مؤقتًا,
Message queued,أُضيفت الرسالة إلى الطابور,
Message re-queued,أُعيدت الرسالة إلى الطابور,
Message resumed,تم استئناف الرسالة,
Message scheduled,تمت جدولة الرسالة,
Message templates,قوالب الرسائل,
Message text is required,نص الرسالة مطلوب,
Message type,نوع الرسالة,
Message {0} is not queued and cannot be cancelled,الرسالة {0} ليست في الطابور ولا يمكن إلغاؤها,
Message {0} preview,معاينة الرسالة {0},
Messages,رسائل,
Messages Remaining,الرسائل المتبقية,
Messages Used,الرسائل المستخدمة,
Messages are going out automatically.,الرسائل تخرج تلقائيًا.,
Messages are handed to the queue and go out at the campaign's rate.,تُسلَّم الرسائل إلى الطابور وتخرج بمعدّل الحملة.,
Messages exchanged with this number will appear here.,ستظهر هنا الرسائل المتبادلة مع هذا الرقم.,
Messages go out automatically.,الرسائل تخرج تلقائياً.,
Messages in total,إجمالي الرسائل,
Messages per Minute,رسائل في الدقيقة,
Messages per Minute cannot exceed the plan rate limit ({0}),لا يمكن أن تتجاوز الرسائل في الدقيقة حد معدل الخطة ({0}),
Messages per Minute cannot exceed the queue rate of {0},لا يمكن أن تتجاوز الرسائل في الدقيقة معدل الطابور {0},
Messages per Minute must be at least 1,يجب أن تكون الرسائل في الدقيقة 1 على الأقل,
Messages per Minute must be between {0} and {1},يجب أن تكون الرسائل في الدقيقة بين {0} و {1},
Messages per recipient,الرسائل لكل مستلم,
Messages sent by alerts,رسائل أرسلتها التنبيهات,
Messages sent immediately,رسائل تُرسل فورًا,
Messages sent through a notification,رسائل أُرسلت عبر إشعار,
Messages sent through a template,رسائل أُرسلت عبر قالب,
Messages that arrived and are not yet read.,رسائل وصلت ولم تُقرأ بعد.,
Messages that could not be sent.,رسائل تعذّر إرسالها.,
Messages that left the device and are not yet reported delivered.,رسائل غادرت الجهاز ولم يصل تأكيد تسليمها بعد.,
Messages that stop immediately,رسائل تتوقف فورًا,
Messages that were cancelled before they left.,رسائل أُلغيت قبل أن تخرج.,
Messages that will be sent,الرسائل التي ستُرسل,
Messages that will not be sent,الرسائل التي لن تُرسل,
Messages that will stop,الرسائل التي ستتوقف,
Messages the recipient read.,رسائل قرأها المستلم.,
Messages waiting in the queue.,رسائل تنتظر في الطابور.,
Messages will be sent automatically when the event happens.,ستُرسل الرسائل تلقائيًا عند وقوع الحدث.,
Method,طريقة,
Method must be one of {0},يجب أن تكون الطريقة واحدة من {0},
Minutes After,بعد دقائق,
Minutes Before,قبل دقائق,
Minutes Before or After,الدقائق قبل أو بعد,
Mirror of platform state (D-018); refreshed by `list_webhook_endpoints_api`,مرآة لحالة المنصة (D-018)؛ تُحدَّث عبر `list_webhook_endpoints_api`,
Missing argument: {0},وسيطة مفقودة: {0},
Missing phone number,رقم الهاتف مفقود,
Mobile Fieldname on Linked Doc,اسم حقل الجوال في المستند المرتبط,
Monday,يوم الاثنين,
Month,شهر,
Month is required for a Yearly alert,الشهر مطلوب للتنبيه السنوي,
Monthly,شهريا,
Months,أشهر,
More,المزيد,
More actions,إجراءات أخرى,
More details,تفاصيل إضافية,
More filters,فلاتر إضافية,
Move {0} down,تحريك {0} للأسفل,
Move {0} up,تحريك {0} للأعلى,
Name,اسم,
Name column,عمود الاسم,
Name in WhatsApp,الاسم في الواتساب,
Name sent to platform,الاسم المُرسل إلى المنصة,
"Name, number or document no.…",اسم، رقم، أو رقم مستند…,
New,جديد,
New alert,تنبيه جديد,
New campaign,حملة جديدة,
New command,أمر جديد,
New contact group,مجموعة جهات اتصال جديدة,
New group,مجموعة جديدة,
New notification,إشعار جديد,
New number,رقم جديد,
New template,قالب جديد,
Next,القادم,
Next 7 days,خلال 7 أيام من الآن,
Next Attempt At,موعد المحاولة التالية,
Next Run At,موعد التشغيل التالي,
Next month,الشهر التالي,
Next page,الصفحة التالية,
Next run,التشغيل التالي,
Next scheduled,المجدول التالي,
Next year,السنة التالية,
Next years,السنوات التالية,
Next {0},{0} التالي,
Next {0},خلال {0} من الآن,
No,لا,
No PII,بدون بيانات شخصية,
No WhatsApp device is configured,لا يوجد جهاز واتساب مضبوط,
No access to conversations,لا صلاحية لقراءة المحادثات,
No activity yet,لا يوجد نشاط بعد,
No alerts yet,لا توجد تنبيهات بعد,
No campaign is sending right now,لا توجد حملة ترسل الآن,
No campaigns yet,لا توجد حملات بعد,
No categories yet,لا توجد تصنيفات بعد,
No command matches this text.,لا يوجد أمر يطابق هذا النص.,
No commands are available,لا توجد أوامر متاحة,
No commands yet,لا توجد أوامر بعد,
No contacts found,لم يتم العثور على جهات اتصال,
No data,لا توجد بيانات,
"No device is enabled. Pair or enable a device, then try again.",لا يوجد جهاز مفعّل. اقرن جهازًا أو فعّله ثم حاول مجددًا.,
No enabled device. Pair a device first.,لا يوجد جهاز مفعّل. اقرن جهازًا أولًا.,
No events yet,لا توجد أحداث بعد,
No failed messages in the selection,لا توجد رسائل فاشلة في التحديد,
No file to read,لا يوجد ملف للقراءة,
No global blacklist group is configured in WhatsApp Settings,لم تُضبط مجموعة القائمة السوداء العامة في إعدادات واتساب,
No groups found,لم يتم العثور على مجموعات,
No groups yet,لا توجد مجموعات بعد,
No match,بلا مطابقة,
No match for {0},لا نتائج لـ {0},
No matching records,لا توجد سجلات مطابقة,
No members match,لا أعضاء مطابقين,
No members yet,لا يوجد أعضاء بعد,
No messages match,لا توجد رسائل مطابقة,
No messages will be sent for this event until it is enabled again.,لن تُرسل أي رسائل لهذا الحدث حتى يُفعَّل مجددًا.,
No messages yet,لا توجد رسائل بعد,
No messages yet.,لا رسائل بعد.,
No name — from the device directory,بلا اسم — من دليل الجهاز,
No notifications yet,لا توجد إشعارات بعد,
No numbers yet,لا توجد أرقام بعد,
No options,لا خيارات,
No options available,لا خيارات متاحة,
No phone number,لا يوجد رقم هاتف,
No picker source is enabled for {0},لا يوجد مصدر منتقي مفعّل لـ {0},
"No real send; Simulator ""on behalf"" row",لا إرسال حقيقي؛ صف «بالنيابة» من المحاكي,
No recipients match,لا مستلمين مطابقين,
No recipients yet,لا يوجد مستلمون بعد,
No recipients yet — add recipients before starting.,لا مستلمين بعد — أضف المستلمين قبل البدء.,
No records match,لا توجد سجلات مطابقة,
No records match the current filters.,لا توجد سجلات تطابق المرشحات الحالية.,
No reply was sent,لم يُرسل أي رد,
No rows match,لا توجد صفوف مطابقة,
No rows yet,لا توجد صفوف بعد,
No secrets in text,لا أسرار في النص,
No selected number matches,لا يوجد رقم محدد مطابق,
No selected number matches your search.,لا رقم محدد يطابق بحثك.,
No source is enabled for {0}. Enable one in the WhatsApp settings.,لا مصدر مفعّل لـ {0}. فعّل مصدرًا من إعدادات واتساب.,
No template (write the message),بلا قالب (اكتب الرسالة),
No templates yet,لا توجد قوالب بعد,
No test run yet,لم يُجرَ اختبار بعد,
No tokens/PII,بدون رموز/بيانات شخصية,
No valid phone numbers in the file,لا توجد أرقام هاتف صالحة في الملف,
No variables,لا توجد متغيرات,
No variables match,لا توجد متغيرات مطابقة,
No webhook endpoint is registered yet,لم تُسجَّل نقطة نهاية ويب هوك بعد,
No {0} records to preview with yet,لا توجد سجلات {0} للمعاينة بعد,
None,لا شيء,
None \u2014 write the message,بلا \u2014 اكتب الرسالة,
None of the selected campaigns can be {0},تعذّر تطبيق «{0}» على أيٍّ من الحملات المحددة,
"None of the selected numbers is in the list, so there is nothing to remove.",لا رقم من الأرقام المحددة موجود في القائمة، فلا شيء يُزال.,
None of the selected numbers is in the list.,لا يوجد أي من الأرقام المحددة في القائمة.,
None — write the message,بلا — اكتب الرسالة,
Normalized,معياري,
"Normalized E.164 value of `phone`, maintained by whatsapp_next (Contact.validate).",قيمة E.164 المعيارية لـ `phone`، يحدّثها whatsapp_next (Contact.validate).,
Normalized code,الرمز المعياري,
Normalized code: `recipient_not_registered` / `device_disconnected` / `timeout` / `platform_rejected` / `invalid_template` / `insufficient_balance` / `unknown`; mapped in `services/errors.py`,الرمز المعياري: `recipient_not_registered` / `device_disconnected` / `timeout` / `platform_rejected` / `invalid_template` / `insufficient_balance` / `unknown`؛ يُربط في `services/errors.py`,
Normalized on insert; required for Individual; the drawer joins WhatsApp Number on it,يُعيَّر عند الإدراج؛ مطلوب للفرد؛ الدرج يربط رقم واتساب عليه,
Normalized on save,يُعيَّر عند الحفظ,
Normalized; empty for LID-only senders (then `sender_jid` is the key),معياري؛ فارغ للمرسلين بـ LID فقط (عندها `sender_jid` هو المفتاح),
Normalized; unique per parent enforced in service,معياري؛ فريد لكل أصل ويُفرض في الخدمة,
Not Allowed,غير مسموح,
Not Linked,غير مرتبط,
Not Matched,غير متطابق,
Not available,غير متاح,
Not in the list,ليس في القائمة,
Not in the list (ignored),ليس في القائمة (تم تجاهله),
Not in the list {0},ليس في القائمة {0},
Not linked,غير مرتبط,
Not matched,غير متطابق,
Not permitted,غير مسموح به,
Not permitted to change the blacklist,غير مسموح لك بتغيير القائمة السوداء,
Not permitted to change {0},غير مسموح لك بتغيير {0},
Not permitted to read conversations,غير مسموح لك بقراءة المحادثات,
Not permitted to read {0} {1},غير مسموح لك بقراءة {0} {1},
Not permitted to {0} campaign {1},غير مسموح لك بتنفيذ {0} على الحملة {1},
Not permitted to {0} contacts,غير مسموح لك بتنفيذ {0} على جهات الاتصال,
Not registered,غير مسجّل,
Not sent yet,لم يُرسل بعد,
Not set,غير محدد,
Note,ملاحظات,
Notes,ملاحظات,
Nothing,لا شيء,
Nothing has left the queue in the last {0} minutes.,لم يغادر الطابور شيء خلال آخر {0} دقيقة.,
Nothing here yet,لا شيء هنا بعد,
Nothing is deleted. Unsent messages stay saved and sending resumes from the same point.,لا يُحذف شيء. الرسائل غير المرسلة تبقى محفوظة ويُستأنف الإرسال من النقطة نفسها.,
Nothing is going out,لا شيء يخرج الآن,
Nothing is going out.,لا شيء يخرج الآن.,
Nothing is waiting.,لا شيء ينتظر.,
Nothing selected,لم يُحدد شيء,
Nothing selected yet,لم يُحدد شيء بعد,
Nothing to choose,لا شيء للاختيار,
Nothing to group,لا شيء للتجميع,
Nothing to preview,لا شيء للمعاينة,
Nothing to preview yet,لا شيء للمعاينة بعد,
Nothing to save,لا شيء للحفظ,
Nothing to send,لا شيء للإرسال,
Nothing to show right now,لا شيء لعرضه الآن,
Notification,إعلام,
Notification Alert,تنبيه التقارير,
Notification alerts,تنبيهات التقارير,
Notification disabled,تم تعطيل الإشعار,
Notification enabled,تم تفعيل الإشعار,
Notifications cannot be attached to {0} (WhatsApp DocTypes would loop),لا يمكن ربط الإشعارات بـ {0} (أنواع مستندات WhatsApp ستسبب حلقة),
November,نوفمبر,
Number,رقم,
Number Converted,تم تحويل الرقم,
Number Linked,تم ربط الرقم,
Number Type,نوع الرقم,
Number unlinked,تم فك ربط الرقم,
Number {0} is already linked to {1},الرقم {0} مرتبط بالفعل بـ {1},
Numbers Job,مهمة الأرقام,
Numbers Job Last Run,آخر تشغيل لمهمة الأرقام,
Numbers Watermark,علامة مهمة الأرقام,
Numbers appear here after the first message is sent or received.,تظهر الأرقام هنا بعد إرسال أول رسالة أو استقبالها.,
Numbers that exchanged at least one message with us,أرقام بيننا وبينها رسالة واحدة على الأقل,
"Numbers that exchanged at least one message with us: linked to a contact in the system, or unknown and suggested for creation.",الأرقام التي بيننا وبينها رسالة واحدة على الأقل: مسجّلة كجهة اتصال في النظام، أو مجهولة يُقترح إنشاؤها.,
Numbers without a country code are sent as +{0} ({1}),الأرقام بلا رمز دولة تُرسل بالصيغة +{0} ({1}),
Numbers without a country code get +{0} ({1}),الأرقام بدون رمز دولة تحصل على +{0} ({1}),
"Numbers, one per line",الأرقام، واحد في كل سطر,
OK,موافق,
October,أكتوبر,
Of WhatsApp conversations,من محادثات الواتساب,
On a disconnected device,على جهاز غير متصل,
On behalf,مرسل بالنيابة,
On or after,في أو بعد,
On or before,في أو قبل,
Onboarding,الإعداد الأولي,
One message per queued row,رسالة واحدة لكل صف في الطابور,
"One number per line, with the country code (e.g. {0}). To add a name, write it before the number and separate them with a semicolon: Name;Number",رقم واحد في كل سطر مع رمز الدولة (مثل {0}). لإضافة اسم اكتبه قبل الرقم وافصل بينهما بفاصلة منقوطة: الاسم;الرقم,
"One of Customer, Supplier, Employee, Sales Person, User (validated server-side)",واحد من Customer أو Supplier أو Employee أو Sales Person أو User (يُتحقق منه في الخادم),
One per line,واحد في كل سطر,
One per line; casefolded; unique across commands,واحد في كل سطر؛ بأحرف صغيرة؛ فريد عبر الأوامر,
One source per operation. Switching to {0} clears what you picked.,مصدر واحد لكل عملية. التبديل إلى {0} يمسح ما اخترته.,
Only Active functions on create; the list warns when the function is inactive,الدوال النشطة فقط عند الإنشاء؛ القائمة تحذّر عندما تكون الدالة غير نشطة,
Only Draft campaigns can be scheduled,لا يمكن جدولة إلا الحملات في حالة مشروع,
Only a running campaign can be paused,لا يمكن الإيقاف المؤقت إلا لحملة قيد التشغيل,
Only numbers with an existing conversation can be messaged.,لا يمكن مراسلة إلا الأرقام التي لها محادثة قائمة.,
"Only sent, failed or cancelled messages can be resent (this one is {0})",لا يمكن إعادة إرسال إلا الرسائل المرسلة أو الفاشلة أو الملغاة (هذه الرسالة {0}),
Open command,فتح الأمر,
Open contact,فتح جهة الاتصال,
Open contacts,فتح جهات الاتصال,
Open conversation,فتح المحادثة,
Open devices,فتح الأجهزة,
Open editor,فتح المحرر,
Open in Simulator,فتح في المحاكي,
Open in the simulator,فتح في المحاكي,
Open members,فتح الأعضاء,
Open message details,فتح تفاصيل الرسالة,
Open the command to test it.,افتح الأمر لاختباره.,
Open {0}: {1},فتح {0}: {1},
Optional,اختياري,
Options set by JS from Date fields of document_type,الخيارات تُحدَّد عبر JS من حقول التاريخ في document_type,
Original device when platform fell back,الجهاز الأصلي عندما لجأت المنصة إلى البديل,
Other,آخر,
Outbound,الصادر,
Outbound Message,رسالة صادرة,
Outbound Retention (days),مدة الاحتفاظ بالصادر (أيام),
Outbound `provider_message_id` reacted to,`provider_message_id` للرسالة الصادرة التي تم التفاعل معها,
Outbound log,سجل الصادر,
Outbound message,رسالة صادرة,
"Outbound message, {0}",رسالة صادرة، {0},
Outbound messages,الرسائل الصادرة,
Output Key,مفتاح المخرج,
Output key,مفتاح المخرج,
Outputs,المخرجات,
Outputs are re-copied from the function and the settings overrides are cleared.,يُعاد نسخ المخرجات من الدالة وتُمسح تجاوزات الإعدادات.,
Overrides,التجاوزات,
Overrides Settings; empty = receiving device,يتجاوز الإعدادات؛ فارغ = الجهاز المستقبِل,
Owner,المالك,
PDF,ملف PDF,
PDF render language,لغة تصيير PDF,
PDF rendering failed for {0} {1}: {2},فشل تصيير PDF لـ {0} {1}: {2},
PNG,PNG,
PNG attachments need {0} installed on the server; choose PDF or None,مرفقات PNG تتطلب تثبيت {0} على الخادم؛ اختر PDF أو بلا,
PNG needs wkhtmltoimage on the bench,PNG يتطلب wkhtmltoimage على الـ bench,
Page {0} of {1}.,الصفحة {0} من {1}.,
Pages,الصفحات,
Pairing failed: {0},فشل الاقتران: {0},
Pairing mode must be QR or Code,يجب أن يكون وضع الاقتران QR أو Code,
Parsed `#tokens` (Function inputs),`#tokens` المُحلَّلة (مدخلات الدالة),
"Parsed {0} rows: {1} valid, {2} invalid",تم تحليل {0} صف: {1} صالح، {2} غير صالح,
Parsing {0} file\u2026,جارٍ تحليل ملف {0}\u2026,
Parsing {0} file…,جارٍ تحليل ملف {0}…,
Parsing {0}\u2026,جارٍ تحليل {0}\u2026,
Parsing {0}…,جارٍ تحليل {0}…,
Partially Failed,فشل جزئيًا,
Participant in group / `@lid`,مشارك في المجموعة / `@lid`,
Party Type,نوع الطرف,
Party Types,أنواع الأطراف,
Party type {0} is not allowed; choose one of {1},نوع الطرف {0} غير مسموح؛ اختر واحدًا من {1},
Pause,إيقاف مؤقت,
Pause ({0}),إيقاف مؤقت ({0}),
Pause Count,عدد مرات الإيقاف المؤقت,
Pause Reason,سبب الإيقاف المؤقت,
Pause sending,إيقاف الإرسال مؤقتًا,
Pause sending?,إيقاف الإرسال مؤقتًا؟,
Pause the campaign?,إيقاف الحملة مؤقتًا؟,
Pause this campaign?,إيقاف هذه الحملة مؤقتًا؟,
Pause {0},إيقاف {0} مؤقتًا,
Pause {0} campaigns?,إيقاف {0} من الحملات مؤقتًا؟,
Pause {0}?,إيقاف {0} مؤقتًا؟,
Paused,موقوفة,
Paused At,أُوقف مؤقتًا في,
Paused By,أُوقف مؤقتًا بواسطة,
Paused by {0}: {1},أوقفه {0} مؤقتًا: {1},
Paused {0} campaigns,أُوقفت {0} من الحملات مؤقتًا,
Pausing deletes nothing. Messages keep their order and resume from the same point.,الإيقاف المؤقت لا يحذف شيئًا. تحتفظ الرسائل بترتيبها وتُستأنف من النقطة نفسها.,
Payload,الحمولة,
Payload is PII,الحمولة بيانات شخصية,
Pending,معلق,
Pending QR,بانتظار QR,
Pending messages in send order. The order changes live while sending.,الرسائل المعلّقة بترتيب الإرسال. الترتيب يتغيّر مباشرة أثناء التشغيل.,
Per-recipient PDF; requires contact + source_doctype/source_name on the recipient row,PDF لكل مستلم؛ يتطلب contact + source_doctype/source_name في صف المستلم,
Period,الفترة,
Period: {0},الفترة: {0},
Periodicity,دورية,
Phone,هاتف,
Phone (E.164),الهاتف (E.164),
Phone (raw),الهاتف (خام),
Phone = User.mobile_no normalized at send; skipped with logged error when empty,الهاتف = User.mobile_no معيارًا عند الإرسال؛ يُتخطى مع تسجيل خطأ عند الفراغ,
Phone Fieldname,اسم حقل الهاتف,
Phone Source,مصدر الهاتف,
Phone column,عمود الهاتف,
Phone export,تصدير من الهاتف,
Phone or Link-to-Contact field on the parent's document_type (options by JS),حقل الهاتف أو حقل الربط بجهة الاتصال في document_type للأصل (الخيارات عبر JS),
Pick a date,اختر التاريخ,
Pick a reference DocType to list its fields.,اختر نوع مستند مرجعيًا لعرض حقوله.,
Pick a reference DocType to preview with a real record.,اختر نوع مستند مرجعيًا للمعاينة بسجل حقيقي.,
Pick a year,اختر سنة,
Pick a {0},اختر {0},
Pick numbers from one of the sources.,اختر أرقامًا من أحد المصادر.,
Pick the end date,اختر تاريخ النهاية,
"Pick the start date, then the end date",اختر تاريخ البداية ثم النهاية,
Picked up for sending (attempt {0} of {1}),التُقطت للإرسال (المحاولة {0} من {1}),
Picker,المنتقي,
Picker DocType Sources,مصادر أنواع المستندات للمنتقي,
Picker source used,مصدر المنتقي المستخدم,
Pin {0},تثبيت {0},
Plain text Jinja; validated by compiling on save; errors logged never thrown at send,نص Jinja عادي؛ يُتحقق منه بالترجمة عند الحفظ؛ الأخطاء تُسجَّل ولا تُرفع أبدًا عند الإرسال,
Plan,خطة,
Plan Code,رمز الخطة,
Plan Features,ميزات الخطة,
Plan Rate Limit,حد معدل الخطة,
Plan left,المتبقّي من الباقة,
Platform,المنصة,
Platform Base URL,الرابط الأساسي للمنصة,
Platform Base URL is incomplete,الرابط الأساسي للمنصة غير مكتمل,
Platform Base URL must start with https://,يجب أن يبدأ الرابط الأساسي للمنصة بـ https://,
Platform Device,جهاز المنصة,
Platform Message Log,سجل رسائل المنصة,
Platform Queue ID,معرّف الطابور في المنصة,
Platform URL and API credentials are required,رابط المنصة وبيانات اعتماد API مطلوبة,
Platform `WhatsApp Device` docname passed as `device` on every call (D-013),اسم مستند `WhatsApp Device` في المنصة يُمرَّر كـ `device` في كل استدعاء (D-013),
Platform `WhatsApp Webhook Endpoint` docname,اسم مستند `WhatsApp Webhook Endpoint` في المنصة,
"Platform `message_type` vocabulary; `Template` is a source (`template` Link), not a type",مفردات `message_type` للمنصة؛ `Template` مصدر (رابط `template`) وليس نوعًا,
Platform `reason` on held; cleared on resume,`reason` من المنصة عند الحجز؛ يُمسح عند الاستئناف,
Platform accepted the ref,قبلت المنصة المرجع,
Platform batch,دفعة المنصة,
Platform enum (Trial/Active/Near Expiry/Expired/Suspended/Cancelled) stored as text,تعداد المنصة (Trial/Active/Near Expiry/Expired/Suspended/Cancelled) يُخزَّن كنص,
Platform sent from another device,أرسلت المنصة من جهاز آخر,
Please fill the required fields:,يرجى تعبئة الحقول المطلوبة:,
Policy,سياسة,
Poll,استطلاع,
Poll ID,معرّف الاستطلاع,
Poll Options,خيارات الاستطلاع,
Poll Question,سؤال الاستطلاع,
Poll option is longer than {0} characters: {1},خيار الاستطلاع أطول من {0} حرفًا: {1},
Poll question is longer than {0} characters,سؤال الاستطلاع أطول من {0} حرفًا,
Poll question is required,سؤال الاستطلاع مطلوب,
Preferred body source,مصدر النص المفضل,
Preview message,معاينة الرسالة,
Preview of message {0},معاينة الرسالة {0},
Previous month,الشهر السابق,
Previous page,الصفحة السابقة,
Previous year,السنة السابقة,
Previous years,السنوات السابقة,
Previous {0},{0} السابق,
Print Format,تنسيق الطباعة,
Print Format is required for Document templates,تنسيق الطباعة مطلوب لقوالب المستندات,
Print-format context for Document messages,سياق تنسيق الطباعة لرسائل المستندات,
Priority,أفضلية,
Private file,ملف خاص,
"Private upload, up to 5 MB / 20,000 rows","رفع خاص، حتى 5 ميغابايت / 20,000 صف",
"Private upload. Up to 5 MB and 20,000 rows.","رفع خاص. حتى 5 م.ب و20,000 صف.",
Processed,تمت المعالجة,
Processed At,تمت المعالجة في,
Processing,معالجة,
Processing (ms),المعالجة (مللي ثانية),
Professional,احترافي,
Progress,تقدم,
Property,ممتلكات,
Prototype tone,نبرة النموذج الأولي,
Provide names[] or filters on {0},قدّم names[] أو مرشحات على {0},
Provider,المزود,
Provider Message ID,معرّف رسالة المزوّد,
Provider URL (expires); not downloaded by default,رابط المزوّد (ينتهي)؛ لا يُنزَّل افتراضيًا,
Provider id for `get_poll_results_api`,معرّف المزوّد لـ `get_poll_results_api`,
Provider key at send time,مفتاح المزوّد وقت الإرسال,
Provider registry key; the `whatsapp_providers` hook registry is the source of the options and the stored value must exist there,مفتاح سجل المزوّدين؛ سجل الخطاف `whatsapp_providers` هو مصدر الخيارات ويجب أن توجد القيمة المخزّنة فيه,
Provider text with numbers masked,نص المزوّد مع إخفاء الأرقام,
Provider timestamp if present else webhook `received_at`,طابع المزوّد الزمني إن وُجد وإلا `received_at` للويب هوك,
Provider type mapped; unknown → Other,نوع المزوّد مُطابَق؛ غير معروف ← أخرى,
Provider {0} is not registered in the whatsapp_providers hook,المزوّد {0} غير مسجّل في خطاف whatsapp_providers,
Push name / Contact name,الاسم المعروض / اسم جهة الاتصال,
Push name from inbound; Contact name when linked,الاسم المعروض من الوارد؛ اسم جهة الاتصال عند الربط,
Q1,ر1,
Q2,ر2,
Q3,ر3,
Q4,ر4,
Quarterly,فصلي,
Queue,الطابور,
Queue Item,عنصر الطابور,
Queue Item {0} not found,عنصر الطابور {0} غير موجود,
Queue Items Deleted,تم حذف عناصر الطابور,
Queue Items Retried,تمت إعادة محاولة عناصر الطابور,
Queue Paused,تم إيقاف الطابور مؤقتًا,
Queue Rate Changed,تغيّر معدل الطابور,
Queue Resumed,تم استئناف الطابور,
Queue Retention (days),مدة الاحتفاظ بالطابور (أيام),
Queue position and retries are on the queue row.,موضع الطابور وإعادة المحاولات موجودان في صف الطابور.,
Queue status,حالة الطابور,
Queued,قائمة الانتظار,
Queued At,في قائمة الانتظار,
Quick Send,إرسال سريع,
Quick send,إرسال سريع,
Quick send source must be one of {0},يجب أن يكون مصدر الإرسال السريع واحدًا من {0},
Quoted Message ID,معرّف الرسالة المقتبسة,
RQ Job ID,معرّف مهمة RQ,
Rate must be between {0} and {1} messages per minute,يجب أن يكون المعدل بين {0} و {1} رسالة في الدقيقة,
Raw,خام,
Raw `device` from payload,`device` الخام من الحمولة,
Raw `phone_number` from platform / pairing form,`phone_number` الخام من المنصة / نموذج الاقتران,
Raw `sender_mobile_no` from payload,`sender_mobile_no` الخام من الحمولة,
Raw as given by the caller,خام كما قدّمه المستدعي,
Raw as imported,خام كما استُورد,
"Raw body; PII → purged after `webhook_event_retention_days`, blanked after processing for terminal `message.*` events",النص الخام؛ بيانات شخصية ← يُحذف بعد `webhook_event_retention_days`، ويُفرَّغ بعد المعالجة لأحداث `message.*` النهائية,
Raw payload lives there,الحمولة الخام محفوظة هناك,
Reacted To,تم التفاعل مع,
Reaction,تفاعل,
Read,قرأ,
Read %,نسبة المقروء,
Read At,قُرئ في,
Read rate,نسبة القراءة,
Read {0},مقروء {0},
"Read {0} rows: {1} valid, {2} invalid",قُرئ {0} صفًا: {1} صالحة و{2} غير صالحة,
Read-only after install,للقراءة فقط بعد التثبيت,
Read-only after install; unique per parent,للقراءة فقط بعد التثبيت؛ فريد لكل أصل,
Reading the file\u2026,جارٍ قراءة الملف…,
Reading the file…,جارٍ قراءة الملف…,
Reading the {0} file\u2026,جارٍ قراءة ملف {0}…,
Reading the {0} file…,جارٍ قراءة ملف {0}…,
Ready to pick when sending,قوالب جاهزة للاختيار عند الإرسال,
Ready-made texts to pick when sending. They support Jinja variables and conditions and render as soon as you choose one.,صيغ جاهزة تُختار عند الإرسال، تدعم متغيرات وشروط Jinja وتُعرض جاهزة فور اختيارها.,
Ready-made texts to pick when sending; Jinja variables and conditions are supported.,صيغ جاهزة تُختار عند الإرسال؛ تدعم متغيرات وشروط Jinja.,
Reason,سبب,
Reason (shown in the audit log),السبب (يظهر في سجل التدقيق),
Receipt Reply Text,نص رد الإيصال,
Received,تلقيت,
Received At,استُلم في,
Received message from {0},رسالة مستلمة من {0},
"Receiving device; resolved from `platform_device`, never created",الجهاز المستقبِل؛ يُستنتج من `platform_device`، ولا يُنشأ أبدًا,
Recipient Type,نوع المستلم,
Recipient is on the global blacklist,المستلم في القائمة السوداء العامة,
Recipient row {0} not found,صف المستلم {0} غير موجود,
Recipients,المستلمين,
Recipients added after it started.,مستلمون أُضيفوا بعد أن بدأت.,
Recipients at Start,المستلمون عند البدء,
Recipients at start,المستلمون في البداية,
Recipients in the campaign right now.,المستلمون في الحملة الآن.,
Recipients in total,إجمالي المستلمين,
Recipients removed after it started.,مستلمون أُزيلوا بعد أن بدأت.,
Recommended {0}–{1},الموصى به {0}–{1},
Recomputed on save and after each run,يُعاد حسابه عند الحفظ وبعد كل تشغيل,
Record,السجل,
Recorded in the audit log.,سُجّل في سجل التدقيق.,
Redirect to Wizard when not set up,إعادة التوجيه إلى المعالج عند عدم اكتمال الإعداد,
Reference Date,المرجع تاريخ,
Reference Datetime,التاريخ والوقت المرجعيان,
Reference DocType,نوع المستند المرجعي,
Reference DocType is required with a Reference Name,نوع المستند المرجعي مطلوب مع اسم مرجعي,
Reference Name,اسم الإشارة,
References,المراجع,
Registered in the system,مسجّل في النظام,
Registration rate,نسبة التسجيل,
Registry key; handler resolved from whatsapp_next/functions/registry.py,مفتاح السجل؛ يُستنتج المعالج من whatsapp_next/functions/registry.py,
Remove all,إزالة الكل,
Remove confirmation,إزالة التأكيد,
Remove from the list,الإزالة من القائمة,
Remove level {0},إزالة المستوى {0},
Remove members,إزالة أعضاء,
Remove members from {0},إزالة أعضاء من {0},
Remove recipients,إزالة مستلمين,
Remove recipients from {0},إزالة مستلمين من {0},
Remove the confirmation?,إزالة التأكيد؟,
Remove {0},إزالة {0},
Remove {0},إزالة {0},
Remove {0} from the selection,إزالة {0} من التحديد,
Remove {0} numbers?,إزالة {0} من الأرقام؟,
Removed,تمت إزالته,
Removed At,أُزيل في,
Removed By,أُزيل بواسطة,
Removed after Start,أُزيل بعد البدء,
Removed from the queue by {0}: {1},أزاله {0} من الطابور: {1},
Removed {0},تمت إزالة {0},
Removing {0}\u2026,جارٍ إزالة {0}\u2026,
Removing {0}…,جارٍ إزالة {0}…,
Renaming devices is not supported by this provider yet,لا يدعم هذا المزوّد إعادة تسمية الأجهزة بعد,
Render language,لغة التصيير,
"Render/recipient errors logged, never thrown",أخطاء التصيير/المستلمين تُسجَّل ولا تُرفع أبدًا,
Rendered through a paginated component,يُعرض عبر مكوّن مقسّم إلى صفحات,
Replied At,تم الرد في,
Reply Device,جهاز الرد,
Reply Outbound,الرسالة الصادرة للرد,
Reply template error: {0},خطأ في قالب الرد: {0},
Reply-to context,سياق الرد على,
Reply-to; `received_at` read through the link,الرد على؛ يُقرأ `received_at` عبر الرابط,
Report,تقرير,
Report Column,عمود التقرير,
Report is required when Content is Report,التقرير مطلوب عندما يكون المحتوى تقريرًا,
Reports and messages sent on a schedule from a chosen device.,تقارير ورسائل تُرسل وفق جدول من جهاز محدد.,
"Reports and messages sent on a schedule — daily, weekly, monthly — from a chosen device.",تقارير ورسائل تُرسل وفق جدول — يوميًا أو أسبوعيًا أو شهريًا — من جهاز محدد.,
Request Timeout (s),مهلة الطلب (ث),
Request Timeout must be between {0} and {1} seconds,يجب أن تكون مهلة الطلب بين {0} و {1} ثانية,
Requested Device,الجهاز المطلوب,
Required for Individual; duplicate flag key,مطلوب للفرد؛ مفتاح علامة التكرار,
Required when Content = Report,مطلوب عندما المحتوى = تقرير,
"Required when commands are enabled; must be an enabled user, not Administrator, without the System Manager role (D-012)",مطلوب عند تفعيل الأوامر؛ يجب أن يكون مستخدمًا مفعّلًا، ليس Administrator، وبدون دور System Manager (D-012),
Requires Linked Contact,يتطلب جهة اتصال مرتبطة,
Resend,إعادة الإرسال,
Resend failed,إعادة إرسال الفاشلة,
Resend failed ({0}),إعادة إرسال الفاشلة ({0}),
Resend {0} failed message?,إعادة إرسال {0} رسالة فاشلة؟,
Resend {0} failed messages?,إعادة إرسال {0} من الرسائل الفاشلة؟,
Resending {0} messages…,جارٍ إعادة إرسال {0} من الرسائل…,
Reset,استعادة الافتراضي,
Resolved at insert via `Contact Phone.wa_phone_e164`,يُستنتج عند الإدراج عبر `Contact Phone.wa_phone_e164`,
Resolved from `platform_device`; unknown → `Ignored`,يُستنتج من `platform_device`؛ غير معروف ← `Ignored`,
Resolved via `client_ref` / `provider_message_id`,يُستنتج عبر `client_ref` / `provider_message_id`,
Response time,زمن الاستجابة,
Restore defaults,استعادة الإعدادات الافتراضية,
Restore defaults for {0}?,استعادة الإعدادات الافتراضية لـ {0}؟,
"Result of ""test connection"" (`get_subscription_status`)",نتيجة «اختبار الاتصال» (`get_subscription_status`),
Resume,استئناف,
Resume ({0}),استئناف ({0}),
Resume sending,استئناف الإرسال,
Resume sending?,استئناف الإرسال؟,
Resume the campaign?,استئناف الحملة؟,
Resume {0},استئناف {0},
Resume {0} campaigns?,استئناف {0} من الحملات؟,
Resume {0}?,استئناف {0}؟,
Resumed {0} campaigns,استُؤنفت {0} من الحملات,
Resuming starts from the oldest pending message. You can pause again at any time.,يبدأ الاستئناف من أقدم رسالة معلّقة. يمكنك الإيقاف المؤقت مجددًا في أي وقت.,
Retention,الاحتفاظ,
Retention Purge,حذف الاحتفاظ,
Retry,إعادة المحاولة,
Retry Backoff (s),تراجع إعادة المحاولة (ث),
Retry Backoff must be at least {0} seconds,يجب أن يكون تراجع إعادة المحاولة {0} ثانية على الأقل,
Retry after giving up,إعادة المحاولة بعد التوقف,
Retry after giving up ({0}),إعادة المحاولة بعد التوقف ({0}),
Retry dead letter,إعادة محاولة الرسائل الميتة,
Retry dead letter ({0}),إعادة محاولة الرسائل الميتة ({0}),
Retry planned ({0}),إعادة محاولة مجدولة ({0}),
Retry scheduled ({0}),محاولة مجدولة ({0}),
Review and retry,مراجعة وإعادة محاولة,
Revoked,إلغاء,
Role,صلاحية,
Rolling average,متوسط متحرك,
Routing,التوجيه,
Row {0}: DocType {1} is listed more than once,الصف {0}: نوع المستند {1} مدرج أكثر من مرة,
"Row {0}: Mandatory Filters must be a JSON list of [field, operator, value]: {1}","الصف {0}: يجب أن تكون المرشحات الإلزامية قائمة JSON من [field, operator, value]: {1}",
Row {0}: a Group recipient needs a JID,الصف {0}: مستلم المجموعة يحتاج إلى JID,
Row {0}: number {1} is already a member of this group,الصف {0}: الرقم {1} عضو بالفعل في هذه المجموعة,
"Row {0}: {1} must be a regular (non-child, non-single) DocType",الصف {0}: يجب أن يكون {1} نوع مستند عاديًا (ليس فرعيًا ولا مفردًا),
Row-level condition over doc,شرط على مستوى الصف على المستند,
Rows affected for bulk actions,الصفوف المتأثرة بالإجراءات الجماعية,
Rows can be added after the first save.,يمكن إضافة الصفوف بعد الحفظ الأول.,
Run test,تشغيل الاختبار,
Running,قيد التشغيل,
Running now,جارية الآن,
Runs,مرات التشغيل,
Runs (30d),التنفيذات (30ي),
Same file for every recipient,الملف نفسه لكل مستلم,
Same vocabulary as Outbound,نفس مفردات الصادر,
Sample Context,سياق العينة,
Sample context is not valid JSON,سياق العينة ليس JSON صالحًا,
Sample context is not valid JSON. Fix it to include it in the preview.,سياق العينة ليس JSON صالحًا. صحّحه ليُدرج في المعاينة.,
Sample record,سجل العينة,
Saturday,السبت,
Save,حفظ,
Save = every document; Submit = on submit; Days After + date_changed = overdue; Submit + condition = amount threshold,حفظ = كل مستند؛ اعتماد = عند الاعتماد؛ أيام بعد + date_changed = متأخر؛ اعتماد + شرط = حد المبلغ,
Save first.,احفظ أولاً.,
Save the campaign first,احفظ الحملة أولًا,
Save the campaign to add or remove recipients.,احفظ الحملة لإضافة المستلمين أو إزالتهم.,
Save the document first,احفظ المستند أولًا,
Save the group first,احفظ المجموعة أولًا,
Save the group to add or remove members.,احفظ المجموعة لإضافة الأعضاء أو إزالتهم.,
Saved on the number and in the audit log.,حُفظ على الرقم وفي سجل التدقيق.,
Saving\u2026,جارٍ الحفظ…,
Saving…,جارٍ الحفظ…,
Schedule,جدول,
Schedule (optional),الجدولة (اختياري),
Schedule removed,أُزيلت الجدولة,
Schedule the campaign,جدولة الحملة,
Schedule {0},جدولة {0},
Scheduled,مجدولة,
Scheduled At,مجدول في,
Scheduled for,موعد الجدولة,
Scheduled for {0},مجدول في {0},
Scheduled messages,الصادر المجدول,
Scheduled time must be in the future,يجب أن يكون الوقت المجدول في المستقبل,
Scheduled to run within the next day,مجدولة للتشغيل خلال اليوم القادم,
Scheduler/RQ job when system-initiated,مهمة المجدول/RQ عندما يبدأها النظام,
Screen,الشاشة,
"Search alert name, report or text…",ابحث باسم التنبيه أو التقرير أو النص…,
Search by name or phone,ابحث بالاسم أو الهاتف,
"Search by name, email or company.",ابحث بالاسم أو البريد الإلكتروني أو الشركة.,
Search columns,بحث في الأعمدة,
Search groups,ابحث في المجموعات,
Search name or number…,ابحث بالاسم أو الرقم…,
"Search name, document type or text…",ابحث بالاسم أو نوع المستند أو النص…,
"Search name, number or document…",ابحث بالاسم أو الرقم أو المستند…,
"Search name, number or message text…",ابحث بالاسم أو الرقم أو نص الرسالة…,
Search phone or name…,ابحث بالهاتف أو الاسم…,
"Search phone, name or text…",ابحث بالهاتف أو الاسم أو النص…,
Search template name or text…,ابحث باسم القالب أو نصه…,
Search the selection,ابحث في التحديد,
Search {0},ابحث في {0},
Second half,النصف الثاني,
Second quarter,الربع الثاني,
Secondary record (e.g. Contact created from Number),سجل ثانوي (مثل جهة اتصال أُنشئت من رقم),
See the messages,عرض الرسائل,
Select,حدد,
Select all on page,تحديد كل ما في الصفحة,
Select all rows on this page,تحديد كل صفوف هذه الصفحة,
Select all shown,تحديد كل المعروض,
Select at least one row first.,حدد صفًا واحدًا على الأقل أولًا.,
Select at most {0} rows at a time ({1} selected).,حدد {0} صفًا كحد أقصى في المرة الواحدة ({1} محدد).,
Select the {0} rows in {1},تحديد الصفوف {0} في {1},
Selected,المحدد,
Selected numbers,الأرقام المحددة,
Selection cleared.,تم إلغاء التحديد.,
Send Alert On,إرسال تنبيه في,
Send Only to Known Numbers,الإرسال إلى الأرقام المعروفة فقط,
Send Receipt Reply,إرسال رد الإيصال,
"Send a message automatically when a document is created, submitted or becomes due.",أرسل رسالة تلقائيًا عند إنشاء مستند أو اعتماده أو حلول استحقاقه.,
Send a report or a message on a schedule to a group of numbers.,أرسل تقريرًا أو رسالة وفق جدول إلى مجموعة من الأرقام.,
Send message,إرسال رسالة,
Send rate,معدّل الإرسال,
Send rate set to {0},ضُبط معدّل الإرسال على {0},
Sender,مرسل,
Sender JID,JID المرسل,
Sender phone,هاتف المرسل,
Sender's phone_e164 must resolve to a Contact with a party of an allowed type,يجب أن يُستنتج phone_e164 للمرسل إلى جهة اتصال بطرف من نوع مسموح,
Sending,إرسال,
Sending has been paused {0} by {1}. Nothing is sent until you resume.,الإرسال موقوف {0} بيد {1}. لا شيء يُرسل حتى الاستئناف.,
Sending has been paused {0} by {1}. Recorded reason: “{2}”. Nothing is sent until you resume.,الإرسال موقوف {0} بيد {1}. السبب المسجّل: «{2}». لا شيء يُرسل حتى الاستئناف.,
Sending is restricted to known WhatsApp numbers,الإرسال مقصور على أرقام واتساب المعروفة,
Sending now,قيد الإرسال الآن,
Sending paused,تم إيقاف الإرسال مؤقتًا,
Sending resumed,تم استئناف الإرسال,
Sends,عمليات الإرسال,
Sent,أرسلت,
Sent (30 days),المرسل (30 يومًا),
Sent / total,المرسل / الإجمالي,
Sent At,أُرسل في,
Sent as `X-SND-API-Key` (D-020). Encrypted,يُرسل كـ `X-SND-API-Key` (D-020). مشفّر,
Sent at,أُرسل في,
Sent message,رسالة مرسلة,
"Sent message, {0}",رسالة مرسلة، {0},
Sent messages,الرسائل المرسلة,
Sent per minute — last {0} minutes,المُرسَل في الدقيقة — آخر {0} دقيقة,
Sent to `create_device_api`,يُرسل إلى `create_device_api`,
Sent to platform endpoint `max_retries`,يُرسل إلى نقطة نهاية المنصة `max_retries`,
Sent via `send_message_api` from the Simulator sandbox (D-024),أُرسل عبر `send_message_api` من بيئة المحاكي (D-024),
Sent {0},أُرسل {0},
Sent+Delivered+Read,مُرسل+تم التسليم+مقروء,
September,سبتمبر,
"Server-side filters merged into every picker query on this DocType (JSON list, e.g. [[""disabled"",""="",0]]). Set by administrators only; the client cannot remove them.","مرشحات تُدمج من الخادم في كل استعلام للمنتقي على هذا النوع (قائمة JSON مثل [[""disabled"",""="",0]]). يضبطها المسؤولون فقط ولا يمكن للعميل إزالتها.",
Set Property After Alert,تعيين الملكية بعد تنبيه,
Set a time,تحديد الوقت,
Set another device as default before deleting {0},عيّن جهازًا آخر كجهاز افتراضي قبل حذف {0},
Set another device as default before disabling {0},عيّن جهازًا آخر كجهاز افتراضي قبل تعطيل {0},
Set by receiver on every valid event,يحدده المستقبِل عند كل حدث صالح,
Set by the campaign as it runs. The console above always states it.,تُضبط تلقائياً أثناء عمل الحملة، والكونسول أعلاه يذكرها دائماً.,
Set on any credential change + Audit `Credentials Changed`,يُحدَّد عند أي تغيير في بيانات الاعتماد + سجل تدقيق `Credentials Changed`,
Set on transient failure,يُحدَّد عند الفشل العابر,
Set only by link/convert action,يُحدَّد فقط عبر إجراء الربط/التحويل,
Set when credentials OK + ≥1 device Connected + webhook Active,يُحدَّد عندما تكون بيانات الاعتماد سليمة + جهاز واحد متصل على الأقل + ويب هوك نشط,
Setting key,مفتاح الإعداد,
"Setting {0} must be 0 or 1, not {1}",يجب أن يكون الإعداد {0} 0 أو 1، وليس {1},
"Setting {0} must be an integer, not {1}",يجب أن يكون الإعداد {0} عددًا صحيحًا، وليس {1},
Setting {0} must be one of {1},يجب أن يكون الإعداد {0} واحدًا من {1},
Settings,إعدادات,
Settings Changed,تغيّرت الإعدادات,
Settings Overrides,تجاوزات الإعدادات,
Settings Overrides must be a JSON object,يجب أن تكون تجاوزات الإعدادات كائن JSON,
Settings Overrides must be valid JSON,يجب أن تكون تجاوزات الإعدادات JSON صالحًا,
Setup Completed,اكتمل الإعداد,
Setup Completed At,تاريخ اكتمال الإعداد,
Setup step {0} is not complete: {1},خطوة الإعداد {0} غير مكتملة: {1},
Severity,الخطورة,
Show all {0},عرض الكل ({0}),
Show less,عرض أقل,
Show members,عرض الأعضاء,
Show {0},إظهار {0},
Show {0} more,عرض {0} أخرى,
Showing the first {0} of {1} valid rows,يُعرض أول {0} من {1} صفًا صالحًا,
Showing the first {0} rows,يُعرض أول {0} صف,
Showing the last {0}.,يُعرض آخر {0}.,
Showing {0} of {1},يُعرض {0} من {1},
Showing {0} of {1} members,يُعرض {0} من {1} من الأعضاء,
Shown in picker; default = DocType label,يُعرض في المنتقي؛ الافتراضي = تسمية نوع المستند,
Signature Valid,التوقيع صالح,
Simulated,مرسل بالنيابة,
Simulator,المحاكي,
"Simulator ""message on behalf""",«رسالة بالنيابة» من المحاكي,
Since,منذ,
Site timezone,المنطقة الزمنية للموقع,
Skip recipients who have never had a conversation on WhatsApp.,تخطَّ المستلمين الذين لم تجرِ معهم محادثة على واتساب.,
"Skip recipients with no prior conversation (D-029, 09 OQ-1)","تخطي المستلمين الذين لا محادثة سابقة معهم (D-029, 09 OQ-1)",
Skipped (status does not apply),تم التخطي (الحالة لا تنطبق),
Slow and safe,بطيء وآمن,
Snapshot at start,لقطة عند البدء,
"Snapshot: inputs, outputs tokens, example, suggested_commands, changelog","لقطة: inputs, outputs tokens, example, suggested_commands, changelog",
Something went wrong. Please try again.,حدث خطأ ما. يرجى المحاولة مرة أخرى.,
Something went wrong. Try again.,حدث خطأ ما. حاول مجددًا.,
"Sort by {0}, {1}",ترتيب حسب {0}، {1},
Source,المصدر,
Source DocType,المصدر DocType,
Source Document,وثيقة المصدر,
Source must be Campaign when a Campaign is linked,يجب أن يكون المصدر الحملة عند ربط حملة,
Sources,المصادر,
Start,البداية,
Start at,البدء في,
Start of month,بداية الشهر,
Start of year,بداية السنة,
Start selected,بدء المحدد,
Start the campaign now?,بدء الحملة الآن؟,
Start type,نوع البدء,
"Start with the country code, e.g. {0}",ابدأ برمز الدولة، مثل {0},
Start {0} now?,بدء {0} الآن؟,
Started,البداية,
Started At,بدأ في,
Started By,بدأ بواسطة,
Starts in,تبدأ في,
State Details,تفاصيل الحالة,
Static Message,رسالة ثابتة,
Static message,رسالة ثابتة,
Stats,احصائيات,
Status,الحالة,
Status must be Active or Disabled,يجب أن تكون الحالة نشط أو معطل,
Status now,الحالة الآن,
Step {0} of {1},الخطوة {0} من {1},
Sticker,ملصق,
Stop and edit,أوقف وعدّل,
Stop selected,إيقاف المحدد,
Stop the command to edit it?,إيقاف الأمر لتعديله؟,
Stop to edit,إيقاف للتعديل,
Stop {0} to edit it?,إيقاف {0} للتعديل؟,
Stopped after {0} of {1},توقف بعد {0} من {1},
Stopped at {0} records. Narrow the filters to add the rest.,توقف عند {0} سجل. ضيّق المرشحات لإضافة البقية.,
Stopping\u2026,جارٍ الإيقاف\u2026,
Stopping…,جارٍ الإيقاف…,
"Structured, no PII (ids, counts, old/new for non-secret settings)",منظّم، بدون بيانات شخصية (معرّفات، أعداد، القديم/الجديد للإعدادات غير السرية),
Submit,تسجيل,
Subscribed Events,الأحداث المشترك بها,
Subscription,اشتراك,
Subscription End,نهاية الاشتراك,
Subscription Start,بداية الاشتراك,
Subscription Status,حالة الاشتراك,
Subscription Synced At,تاريخ مزامنة الاشتراك,
Success %,نسبة النجاح,
Suggested by the function:,مقترح من الدالة:,
Summary,ملخص,
Summary is required,الملخص مطلوب,
Sunday,الأحد,
Synonym {0} equals the command word,المرادف {0} يساوي كلمة الأمر,
Synonyms,المرادفات,
System Health,صحة النظام,
System Manager,مدير النظام,
System screen,شاشة النظام,
Target DocType,نوع المستند الهدف,
Target Name,الاسم الهدف,
Template,قالب,
Template Name,اسم القالب,
Template body does not compile: {0},نص القالب لا يُترجم: {0},
Template key + args rendered at read time via __(); no PII (phones masked),مفتاح القالب + الوسائط تُصيَّر وقت القراءة عبر __()؛ بدون بيانات شخصية (الأرقام مخفية),
Template render failed: {0},فشل تصيير القالب: {0},
TemplateEditor needs a form,يحتاج TemplateEditor إلى نموذج,
Terminal Queue Items purged after N days,عناصر الطابور النهائية تُحذف بعد N يوم,
Test,اختبار,
Test Send,إرسال تجريبي,
Test a command,اختبار أمر,
Test {0},اختبار {0},
Text,نص,
Text / caption; PII → retention,نص / تعليق؛ بيانات شخصية ← الاحتفاظ,
Text start,بداية النص,
The alert will not run until it is enabled again.,لن يعمل التنبيه حتى يُفعَّل مجددًا.,
The alert will run on its schedule and send its report or message.,سيعمل التنبيه وفق جدوله ويرسل تقريره أو رسالته.,
The campaign has ended,انتهت الحملة,
"The campaign has ended, so recipients can no longer change.",انتهت الحملة، فلا يمكن تغيير المستلمين بعد الآن.,
The campaign starts by itself at this time.,تبدأ الحملة من تلقاء نفسها في هذا الوقت.,
The conversation view is not available yet.,عرض المحادثة غير متاح بعد.,
The device is offline; the message stays queued until it reconnects.,الجهاز غير متصل؛ تبقى الرسالة في الطابور حتى يعاود الاتصال.,
The editor could not be loaded; opening the form instead.,تعذّر تحميل المحرر؛ سيُفتح النموذج بدلًا منه.,
The file could not be read,تعذّرت قراءة الملف,
The file could not be read. Check that it is a valid {0} file and try again.,تعذّرت قراءة الملف. تأكد أنه ملف {0} صالح ثم حاول مجددًا.,
The file has more than {0} contacts,يحتوي الملف على أكثر من {0} جهة اتصال,
The file has more than {0} rows,يحتوي الملف على أكثر من {0} صف,
The file has no rows,الملف لا يحتوي على صفوف,
The file is still being read \u2014 wait a moment,لا يزال الملف قيد القراءة \u2014 انتظر لحظة,
The file is still being read — wait a moment,لا يزال الملف قيد القراءة — انتظر لحظة,
The file is still being read. Try again in a moment.,ما زال الملف قيد القراءة. حاول بعد لحظات.,
"The first row must hold the column headers. The phone column is detected from its header; if that fails, choose it in the next step.",يجب أن يحوي الصف الأول عناوين الأعمدة. يُكتشف عمود الهاتف من عنوانه؛ وإن تعذّر ذلك فاختره في الخطوة التالية.,
The group is disabled,المجموعة معطّلة,
"The group is disabled, so members cannot change.",المجموعة معطّلة، فلا يمكن تغيير الأعضاء.,
The list changed meanwhile: {0},تغيّرت القائمة في هذه الأثناء: {0},
The list changed while you were choosing. Reopen it and try again. ({0}),تغيّرت القائمة أثناء الاختيار. أعد فتحها وحاول مجددًا. ({0}),
The list is empty.,القائمة فارغة.,
The message leaves the queue and is marked Cancelled.,تخرج الرسالة من الطابور وتُعلَّم كملغاة.,
The message leaves the queue and its status becomes Cancelled.,تخرج الرسالة من الطابور وتصبح حالتها «ملغاة».,
The messages leave the queue and their status becomes Cancelled.,تخرج الرسائل من الطابور وتصبح حالتها «ملغاة».,
The number has a contact,الرقم له جهة اتصال,
The number stays in the list as Not Linked. The Contact is not deleted.,يبقى الرقم في القائمة بحالة غير مرتبط. لا تُحذف جهة الاتصال.,
The number stays in the list as not linked. The contact is not deleted.,يبقى الرقم في القائمة كغير مرتبط. لا تُحذف جهة الاتصال.,
The number will no longer be marked as a confirmed conversation.,لن يُعلَّم الرقم بعد الآن كمحادثة مؤكدة.,
The provider did not return a webhook secret,لم يُرجع المزوّد سرّ الويب هوك,
The provider returned no result for this poll,لم يُرجع المزوّد أي نتيجة لهذا الاستطلاع,
The queue is empty,الطابور فارغ,
The queue is paused; the message is sent after it resumes.,الطابور متوقف مؤقتًا؛ تُرسل الرسالة بعد استئنافه.,
The queue is running at {0} messages per minute. Statuses below advance automatically from Sending to Sent and Delivered.,الطابور يعمل بمعدّل {0} رسالة في الدقيقة. الحالات أدناه تتقدّم تلقائيًا من قيد الإرسال إلى مرسل ثم مستلم.,
The queue row is marked Deleted and the outbound message Cancelled.,يُعلَّم صف الطابور كمحذوف والرسالة الصادرة كملغاة.,
The template body is sent; leave empty or type to override it.,يُرسل نص القالب؛ اتركه فارغًا أو اكتب لتجاوزه.,
The template renders to an empty message.,يُصيَّر القالب إلى رسالة فارغة.,
"The template text is sent. Leave this empty, or type to replace it.",يُرسل نص القالب. اتركه فارغًا أو اكتب نصًا ليحل محله.,
The test runs against saved commands — save this command first to test it.,يعمل الاختبار على الأوامر المحفوظة — احفظ هذا الأمر أولًا لاختباره.,
The test runs against the saved command; save your changes first to test them.,يعمل الاختبار على الأمر المحفوظ؛ احفظ تغييراتك أولًا لاختبارها.,
The uploader could not be opened,تعذّر فتح أداة الرفع,
The uploader could not be opened. Reload the page and try again.,تعذّر فتح أداة الرفع. أعد تحميل الصفحة وحاول مجددًا.,
Their messages stay in the queue,رسائلها تبقى في الطابور,
Then filter its records like any list and add the matching ones.,ثم رشّح سجلاته كأي قائمة وأضف المطابق منها.,
There are no {0} records to preview with yet.,لا توجد سجلات {0} للمعاينة بعد.,
Third quarter,الربع الثالث,
This command is active and locked. Commands are edited in the dialog — stop it first to change it.,هذا الأمر نشط ومقفل. تُعدَّل الأوامر في مربع الحوار — أوقفه أولًا لتغييره.,
"This command is active and locked. Stop it first, then edit it with ""Open editor"".",هذا الأمر مفعّل ومقفل. أوقفه أولًا ثم عدّله عبر «فتح المحرر».,
This group has no members,هذه المجموعة ليس فيها أعضاء,
This group has no members yet.,لا يوجد أعضاء في هذه المجموعة بعد.,
This group is disabled and is not offered as a picker source.,هذه المجموعة معطّلة ولا تُعرض كمصدر في المنتقي.,
This group is disabled. It is not offered when choosing recipients.,هذه المجموعة معطّلة، ولا تُعرض عند اختيار المستلمين.,
This month,هذا الشهر,
"This number is blacklisted, so the message cannot be sent.",هذا الرقم في القائمة السوداء، فلا يمكن إرسال الرسالة.,
This number is blacklisted; the message will be refused.,هذا الرقم في القائمة السوداء؛ سيتم رفض الرسالة.,
This quarter,هذا الربع,
This queue item has no message linked to it.,عنصر الطابور هذا غير مرتبط بأي رسالة.,
This queue row has no outbound message linked.,صف الطابور هذا ليس مرتبطًا برسالة صادرة.,
This record has no fields marked for preview.,لا حقول معلّمة للمعاينة في هذا السجل.,
This record has no preview fields.,هذا السجل ليس له حقول للمعاينة.,
This week,هذا الأسبوع,
This year,هذه السنة,
Throughput,الإنتاجية,
Thursday,الخميس,
Time,زمن,
Time difference,فارق المدة,
Time is required,الوقت مطلوب,
Time left to drain,الوقت المتبقي للتفريغ,
Timeline,مخطط زمني,
Timestamp,الطابع الزمني,
Timestamp Fresh,الطابع الزمني حديث,
Title,اللقب,
To,إلى,
To time,وقت النهاية,
Tokens from manifest,الرموز من البيان,
Total,الإجمالي,
Total Recipients,إجمالي المستلمين,
Total members,إجمالي الأعضاء,
Total {0},مجموع {0},
Trigger,المشغّل,
Trigger Inbound,الرسالة الواردة المشغّلة,
Try a different search or filter.,جرّب بحثًا أو مرشحًا مختلفًا.,
Try a different search or source.,جرّب بحثًا أو مصدرًا مختلفًا.,
Try a wider period.,جرّب فترة أوسع.,
Try another name or phone.,جرّب اسمًا أو هاتفًا آخر.,
Try another name.,جرّب اسمًا آخر.,
Tuesday,الثلاثاء,
Type,النوع,
Type a name or phone to search.,اكتب اسمًا أو هاتفًا للبحث.,
Type the message body to see it rendered.,اكتب نص الرسالة لرؤيته مُصيَّرًا.,
Type to search the selected account type.,اكتب للبحث في نوع الحساب المحدد.,
Type to search {0}.,اكتب للبحث في {0}.,
Unavailable,غير متاح,
Unconfirm conversation,إلغاء تأكيد المحادثة,
Unique per parent,فريد لكل أصل,
Unknown Command Reply,رد الأمر غير المعروف,
Unknown argument: {0},وسيطة غير معروفة: {0},
Unknown device status {0},حالة جهاز غير معروفة {0},
Unknown filters: {0},مرشحات غير معروفة: {0},
Unknown number,رقم غير معروف,
Unknown outbound status {0},حالة صادر غير معروفة {0},
Unknown payload keys: {0},مفاتيح حمولة غير معروفة: {0},
Unknown setting keys for function {0}: {1},مفاتيح إعدادات غير معروفة للدالة {0}: {1},
Unknown source type {0},نوع مصدر غير معروف {0},
Unknown upload kind {0},نوع رفع غير معروف {0},
Unknown webhook events: {0},أحداث ويب هوك غير معروفة: {0},
Unlink,فك الربط,
Unlink {0}?,فك ربط {0}؟,
Unpin {0},إلغاء تثبيت {0},
Unschedule,إلغاء الجدولة,
Unsent,غير مُرسل,
Unsupported party type {0},نوع طرف غير مدعوم {0},
Unsupported picker target {0},هدف منتقي غير مدعوم {0},
Untested,غير مختبر,
Up to and including {0},حتى {0} وتضمينه,
Update Available,يتوفر تحديث,
Upload a file first,ارفع ملفًا أولًا,
Upload a file first.,ارفع ملفًا أولًا.,
Upload a file to continue,ارفع ملفًا للمتابعة,
Upload a vCard file first,ارفع ملف vCard أولًا,
Upload the file as a private file,ارفع الملف كملف خاص,
Uploaded {0},تم رفع {0},
Upper bound for `messages_per_minute`,الحد الأعلى لـ `messages_per_minute`,
Usage,الاستخدام,
Usage reports are not available for this provider,تقارير الاستخدام غير متاحة لهذا المزوّد,
Use in a message,استخدام في رسالة,
Use latest,استخدام الأحدث,
Used by Quick Send / Notification when none set,يُستخدم في الإرسال السريع / الإشعار عند عدم التحديد,
User,المستعمل,
User notes,ملاحظات المستخدم,
User-entered reason (pause/cancel/delete),سبب يدخله المستخدم (إيقاف مؤقت/إلغاء/حذف),
Uses,الاستخدامات,
Uses (30 days),مرات الاستخدام (30 يومًا),
"Validate unique within table; must be non-child, non-single",التحقق من التفرد داخل الجدول؛ يجب ألا يكون فرعيًا ولا مفردًا,
Value,القيمة,
Value Change,قيمة التغير,
Value Changed,تم تغير القيمة,
Value To Be Set,قيمة ليتم تعيينها,
Values for editor preview,قيم لمعاينة المحرر,
Variable hints (`doc.*`) and sample record for preview,تلميحات المتغيرات (`doc.*`) وسجل عينة للمعاينة,
Variables,المتغيرات,
Versions,الإصدارات,
Video,فيديو,
View Once,عرض مرة واحدة,
View on map,عرض على الخريطة,
WA Device ID,معرّف جهاز WA,
Waiting,بالانتظار,
Waiting to be sent,معلّقة بانتظار الإرسال,
Wallet Balance,رصيد المحفظة,
Wallet Currency,عملة المحفظة,
Warning,تحذير,
Webhook,رابط الويب,
Webhook Changed,تغيّر الويب هوك,
Webhook Endpoint (platform),نقطة نهاية الويب هوك (المنصة),
Webhook Endpoint URL,رابط نقطة نهاية الويب هوك,
Webhook Event,حدث ويب هوك,
Webhook Event Retention (days),مدة الاحتفاظ بأحداث الويب هوك (أيام),
Webhook Registered,تم تسجيل الويب هوك,
Webhook Registered At,تاريخ تسجيل الويب هوك,
Webhook Retries,إعادة محاولات الويب هوك,
Webhook Secret,سرّ الويب هوك,
Webhook Status,حالة الويب هوك,
Webhook Synced At,تاريخ مزامنة الويب هوك,
Webhook {0} ({1}),ويب هوك {0} ({1}),
Webhook {0} ({1}): {2},ويب هوك {0} ({1}): {2},
Wednesday,الأربعاء,
Weekly,الأسبوعية,
Weeks,أسابيع,
What It Does,ماذا يفعل,
WhatsApp Agent,وكيل واتساب,
WhatsApp Audit Log,سجل تدقيق واتساب,
WhatsApp Campaign,حملة واتساب,
WhatsApp Campaign Message,رسالة حملة واتساب,
WhatsApp Campaign Recipient,مستلم حملة واتساب,
WhatsApp Campaign {0} not found,حملة واتساب {0} غير موجودة,
WhatsApp Command,أمر واتساب,
WhatsApp Command Party Type,نوع طرف أمر واتساب,
WhatsApp Commands,أوامر واتساب,
WhatsApp Contact Group,مجموعة جهات اتصال واتساب,
WhatsApp Contact Group Member,عضو مجموعة جهات اتصال واتساب,
WhatsApp Contact User,مستخدم جهة اتصال واتساب,
WhatsApp Device,جهاز واتساب,
WhatsApp Device {0} not found,جهاز واتساب {0} غير موجود,
WhatsApp Function,دالة واتساب,
WhatsApp Function Output,مخرج دالة واتساب,
WhatsApp Function Setting,إعداد دالة واتساب,
WhatsApp Inbound Message,رسالة واتساب واردة,
WhatsApp Inbound Message {0} not found,رسالة واتساب الواردة {0} غير موجودة,
WhatsApp Log,سجل واتساب,
WhatsApp Log {0} not found,سجل واتساب {0} غير موجود,
WhatsApp Manager,مدير واتساب,
WhatsApp Name,اسم واتساب,
WhatsApp Next,WhatsApp Next,
WhatsApp Notification,إشعار واتساب,
WhatsApp Notification Alert,تنبيه تقارير واتساب,
WhatsApp Notification Alert Recipient,مستلم تنبيه تقارير واتساب,
WhatsApp Notification Recipient,مستلم إشعار واتساب,
WhatsApp Number,رقم واتساب,
WhatsApp Number {0} not found,رقم واتساب {0} غير موجود,
WhatsApp Number {0} not found or not an individual number,رقم واتساب {0} غير موجود أو ليس رقمًا فرديًا,
WhatsApp Phone (E.164),هاتف واتساب (E.164),
WhatsApp Queue Item,عنصر طابور واتساب,
WhatsApp Settings,إعدادات واتساب,
WhatsApp Settings Picker Source,مصدر منتقي إعدادات واتساب,
WhatsApp Template,قالب واتساب,
WhatsApp Template {0} is disabled,قالب واتساب {0} معطّل,
WhatsApp Template {0} not found,قالب واتساب {0} غير موجود,
WhatsApp Viewer,مشاهد واتساب,
WhatsApp Webhook Event,حدث ويب هوك واتساب,
WhatsApp contacts,جهات اتصال الواتس,
WhatsApp conversations,محادثات الواتساب,
WhatsApp number,رقم واتساب,
When To Use,متى يُستخدم,
"When the campaign ended, whatever ended it.",متى انتهت الحملة، أياً كان سبب انتهائها.,
When the first message left.,متى خرجت أول رسالة.,
When the last message left.,متى خرجت آخر رسالة.,
Which of the campaign's messages this is,أي رسالة من رسائل الحملة هذه,
Whitelist for ContactPicker source 3,القائمة البيضاء لمصدر ContactPicker رقم 3,
Whitelist; empty = everyone not blocked,قائمة بيضاء؛ فارغ = كل من ليس محظورًا,
Who created the row,من أنشأ الصف,
Whole year,السنة كاملة,
Will be added,سيُضاف,
Will be added {0},سيُضاف {0},
Will be cancelled,سيُلغى,
Will be re-queued,سيُعاد إلى الطابور,
Will be removed,سيُزال,
Will be removed {0},سيُزال {0},
Will be sent to {0},سيُرسل إلى {0},
With a conversation,له محادثة,
With a conversation {0},له محادثة {0},
Within recommended,ضمن الموصى به,
Within ±5 min,ضمن ±5 دقائق,
Word {0} is already used by command {1},الكلمة {0} مستخدمة بالفعل في الأمر {1},
Working on {0} rows\u2026,جارٍ معالجة {0} صف\u2026,
Working on {0} rows…,جارٍ معالجة {0} صف…,
Write a message or pick a template.,اكتب رسالة أو اختر قالبًا.,
"Write the number with its country code, e.g. +966\u2026 Optionally put a name before it, separated by a semicolon: Name;Phone",اكتب الرقم مع رمز الدولة، مثل +966\u2026 ويمكنك وضع اسم قبله مفصولًا بفاصلة منقوطة: الاسم;الهاتف,
"Write the number with its country code, e.g. +966… Optionally put a name before it, separated by a semicolon: Name;Phone",اكتب الرقم مع رمز الدولة، مثل +966… ويمكنك وضع اسم قبله مفصولًا بفاصلة منقوطة: الاسم;الهاتف,
Written by services/campaign_runner.py,يُكتب بواسطة services/campaign_runner.py,
Written only by `services/commands.py`,يُكتب فقط بواسطة `services/commands.py`,
Written only by `services/devices.py` from `connection.*` events / `verify_device_connection_api`,يُكتب فقط بواسطة `services/devices.py` من أحداث `connection.*` / `verify_device_connection_api`,
Written only by `services/dispatch.py`,يُكتب فقط بواسطة `services/dispatch.py`,
Written only by `services/dispatch.py`; `Held` per D-024,يُكتب فقط بواسطة `services/dispatch.py`؛ `Held` وفق D-024,
Written only by `services/webhook.py`,يُكتب فقط بواسطة `services/webhook.py`,
Yearly,سنويا,
Years,سنوات,
Yes — once,نعم — مرة,
Yes — {0} times,نعم — {0} مرات,
Yesterday,أمس,
You are offline,أنت غير متصل بالإنترنت,
You can add from one source at a time. Switching to {0} clears the {1} numbers you picked.,يمكنك الإضافة من مصدر واحد في كل مرة. الانتقال إلى {0} يمسح الأرقام الـ{1} التي اخترتها.,
You can only import files you uploaded,يمكنك استيراد الملفات التي رفعتها فقط,
You cannot use this command ({0}),لا يمكنك استخدام هذا الأمر ({0}),
You do not have permission to read conversations. Ask an administrator for access.,ليست لديك صلاحية قراءة المحادثات. اطلب الصلاحية من مسؤول النظام.,
You need the Viewer role to read conversations,تحتاج إلى دور مشاهد واتساب لقراءة المحادثات,
Your number is not linked to a party,رقمك غير مرتبط بأي طرف,
`Linked Contact` reads Contact Phone through the DocType's `contact`-like Link,`Linked Contact` يقرأ Contact Phone عبر رابط نوع المستند الشبيه بـ `contact`,
"`X-SND-Event-ID`. The platform reuses one id across the status events of a message, so the dedupe key is (event_name, event_id) — composite unique in patches/v0_1/add_indexes.py (D-047).","`X-SND-Event-ID`. تعيد المنصة استخدام المعرّف نفسه عبر أحداث حالة الرسالة الواحدة، لذا فإن مفتاح منع التكرار هو (event_name, event_id) — فريد مركّب في patches/v0_1/add_indexes.py (D-047).",
`X-SND-Event-ID`; dedupe key,`X-SND-Event-ID`؛ مفتاح منع التكرار,
`X-SND-Event`; Data not Select so unknown/future events are storable as `Ignored`,`X-SND-Event`؛ Data وليس Select حتى تُخزَّن الأحداث غير المعروفة/المستقبلية كـ `Ignored`,
"`amount` is read from the document in the read layer, not stored",`amount` يُقرأ من المستند في طبقة القراءة، ولا يُخزَّن,
`features{allow_*}` snapshot gates Campaign/Commands UI,لقطة `features{allow_*}` تتحكم في واجهة الحملات/الأوامر,
`from_jid`,`from_jid`,
`get_wallet_balance_api`,`get_wallet_balance_api`,
`https://{site}/api/method/whatsapp_next.webhooks.v1.receiver.receive` (D-031),`https://{site}/api/method/whatsapp_next.webhooks.v1.receiver.receive` (D-031),
`message.*` queue-path payloads,حمولات `message.*` لمسار الطابور,
`message.delivered`,`message.delivered`,
`message.held`,`message.held`,
`message.read`,`message.read`,
`message.sent`,`message.sent`,
about {0} h left,يتبقى نحو {0} ساعة,
about {0} min at {1} per minute,نحو {0} دقيقة بمعدّل {1}/دقيقة,
about {0} min at {1}/min,نحو {0} دقيقة بمعدّل {1}/دقيقة,
about {0} min left,يتبقى نحو {0} دقيقة,
after this queue sends,بعد إرسال هذا الطابور,
an administrator,مسؤول النظام,
and {0} more,و{0} أخرى,
cancelled,أُلغيت,
cancelled: {0},أُلغيت: {0},
catalog/vN/catalog.json path + app version,مسار catalog/vN/catalog.json + إصدار التطبيق,
dashed line: the rate you set,الخط المتقطّع: المعدّل الذي ضبطته,
device {0},الجهاز {0},
e.g. blacklist reason,مثل سبب الإدراج في القائمة السوداء,
edited {0} times,عُدّلت {0} مرة,
ended,انتهت,
ended {0},انتهت {0},
everyone in the list below,كل من في القائمة أدناه,
"filter must be [field, operator, value]","يجب أن يكون المرشح بصيغة [field, operator, value]",
filter values cannot be objects,لا يمكن أن تكون قيم المرشح كائنات,
filters must be a list or an object,يجب أن تكون المرشحات قائمة أو كائنًا,
first_name is required,first_name مطلوب,
frappe.local.request_ip,frappe.local.request_ip,
frappe.session.user; scheduler = Administrator with job_name set,frappe.session.user؛ المجدول = Administrator مع تعيين job_name,
from device {0},من جهاز «{0}»,
from_date must not be after to_date,يجب ألا يكون from_date بعد to_date,
handing messages to the queue,تُسلّم الرسائل إلى الطابور,
https only; no trailing slash; validated on save,https فقط؛ بدون شرطة مائلة في النهاية؛ يُتحقق منه عند الحفظ,
in {0},خلال {0},
in {0} day,بعد {0} يوم,
in {0} days,بعد {0} يوم,
"last hour, actual",الساعة الماضية، فعلياً,
last {0} days,آخر {0} يوم,
latest_version != installed_version; stored so the list can filter,latest_version != installed_version؛ يُخزَّن لتتمكن القائمة من الترشيح,
links[{0}] must be an object,يجب أن يكون links[{0}] كائنًا,
links[{0}]: unsupported party type,links[{0}]: نوع طرف غير مدعوم,
links[{0}]: {1} not found,links[{0}]: {1} غير موجود,
messages available,رسالة متاحة,
meta_cloud,meta_cloud,
month,الشهر,
names[] is required,names[] مطلوب,
no campaign is sending,لا حملة ترسل الآن,
no device,بلا جهاز,
no failures,لا إخفاقات,
not started yet,لم تبدأ بعد,
nothing sent in this window,لم يُرسل شيء في هذه المدة,
now,الآن,
numbers with no conversation are skipped,تُتخطّى الأرقام التي لا محادثة لها,
of {0} delivered,من {0} سُلِّمت,
of {0} handed over,من {0} خرجت,
of {0} sent,من {0} مُرسلة,
operator {0} is not allowed,المعامل {0} غير مسموح به,
outputs[{0}] must be an object,يجب أن يكون outputs[{0}] كائنًا,
outputs[{0}]: unknown fields {1},outputs[{0}]: حقول غير معروفة {1},
paused — nothing is going out,موقوفة مؤقتاً — لا شيء يخرج,
paused: {0},موقوفة مؤقتاً: {0},
payload must be an object,يجب أن تكون الحمولة كائنًا,
peak {0}/min,الذروة {0}/دقيقة,
phone_nos[{0}] must be an object,يجب أن يكون phone_nos[{0}] كائنًا,
phone_nos[{0}]: invalid phone number,phone_nos[{0}]: رقم هاتف غير صالح,
picker_sources must be a list of rows,يجب أن يكون picker_sources قائمة صفوف,
plan reading unavailable,تعذّرت قراءة الباقة,
queue is empty,الطابور فارغ,
recipients not yet sent,مستلمون لم تُرسل لهم بعد,
sanad.ui: API method '{0}' is not configured,sanad.ui: دالة API '{0}' غير مضبوطة,
sending is paused,الإرسال موقوف,
settings_overrides must be an object,يجب أن يكون settings_overrides كائنًا,
sha256 of manifest for diff,sha256 للبيان للمقارنة,
snd_platform,snd_platform,
starts {0} · {1},تبدأ {0} · {1},
stopped,موقوف,
the time has passed,مضى الوقت,
the time has passed — waiting to resume,الموعد فات — بانتظار الاستئناف,
today,اليوم,
tomorrow,غداً,
under a minute,أقل من دقيقة,
unknown field {0},حقل غير معروف {0},
vCard,vCard,
vCard (.vcf),vCard (.vcf),
vCard files need no column mapping.,ملفات vCard لا تحتاج إلى تعيين أعمدة.,
vCard import needs the vobject package,يتطلب الاستيراد من vCard حزمة vobject,
wa-admin id from platform,معرّف wa-admin من المنصة,
year,السنة,
"{0} ""{1}"" was not found",لم يُعثر على {0} «{1}»,
{0} % {1},{0} % {1},
{0} ({1} skipped),{0} (تم تخطي {1}),
{0} / minute,{0} / دقيقة,
{0} \xB7 showing {1}\u2013{2},{0} \xB7 تُعرض {1}\u2013{2},
{0} added · {1} removed since it started,أُضيف {0} · أُزيل {1} منذ أن بدأت,
{0} alert,{0} تنبيه,
{0} alerts,{0} تنبيه,
{0} already added,{0} مضاف مسبقًا,
{0} campaign,{0} حملة,
{0} campaigns,{0} حملة,
{0} cannot be changed while the campaign is {1},لا يمكن تغيير {0} بينما الحملة {1},
{0} charts are not supported in this block,مخططات {0} غير مدعومة في هذه الكتلة,
{0} command,{0} أمر,
{0} commands,{0} أمر,
{0} connected device(s),{0} جهاز متصل,
{0} day,{0} يوم,
{0} days,{0} أيام,
{0} details opened.,فُتحت تفاصيل {0}.,
{0} disabled,{0} معطّل,
{0} document type,{0} نوع مستند,
{0} document types,{0} نوع مستند,
{0} done,تم {0},
"{0} done, {1} failed",{0} مكتمل، {1} فاشل,
{0} duplicates in selection,{0} مكررة في التحديد,
{0} failed,{0} فاشل,
{0} fields,{0} حقول,
{0} group,{0} مجموعة,
{0} group found,عُثر على {0} مجموعة,
{0} groups,{0} مجموعة,
{0} groups found,عُثر على {0} من المجموعات,
{0} h,{0} ساعة,
{0} h {1} min,{0} س {1} د,
{0} hour,{0} ساعة,
{0} hours,{0} ساعات,
{0} invalid,{0} غير صالح,
{0} invalid rows skipped,تم تخطي {0} صف غير صالح,
{0} is a Single DocType,{0} نوع مستند مفرد,
{0} is a child table,{0} جدول فرعي,
{0} is not an enabled picker source,{0} ليس مصدر منتقي مفعّلًا,
{0} is the global blacklist and cannot be disabled,{0} هي القائمة السوداء العامة ولا يمكن تعطيلها,
{0} is too long,{0} طويل جدًا,
{0} is written only by the system,{0} يُكتب بواسطة النظام فقط,
{0} item(s) are being sent and cannot be deleted,{0} عنصر قيد الإرسال ولا يمكن حذفه,
{0} left — about {1} at {2}/min from device {3}.,المتبقي {0} — نحو {1} بمعدّل {2}/دقيقة من جهاز {3}.,
{0} lines,{0} سطر,
{0} matching records,{0} سجل مطابق,
{0} members,{0} عضو,
{0} message,{0} رسالة,
{0} message cancelled,أُلغيت {0} رسالة,
{0} message in total,{0} رسالة إجمالاً,
{0} message left,بقيت {0} رسالة,
{0} message loaded.,حُمّلت {0} رسالة.,
{0} message paused,أُوقفت {0} رسالة مؤقتًا,
{0} message re-queued,أُعيدت {0} رسالة إلى الطابور,
{0} message resumed,استُؤنفت {0} رسالة,
{0} messages,{0} رسالة,
{0} messages cancelled,تم إلغاء {0} رسالة,
{0} messages in total,{0} رسالة إجمالاً,
{0} messages left,بقيت {0} رسالة,
{0} messages left the queue in the last {1} minutes; the busiest minute sent {2}.,غادرت {0} رسالة الطابور خلال آخر {1} دقيقة، وأكثر دقيقة أرسلت {2}.,
{0} messages loaded,تم تحميل {0} رسالة,
{0} messages loaded.,حُمّلت {0} من الرسائل.,
{0} messages need an attachment,{0} رسالة تحتاج إلى مرفق,
{0} messages paused,تم إيقاف {0} رسالة مؤقتًا,
{0} messages per minute,{0} رسالة في الدقيقة,
{0} messages re-queued,أُعيدت {0} رسالة إلى الطابور,
{0} messages remaining,المتبقي {0} رسالة,
{0} messages resumed,تم استئناف {0} رسالة,
{0} min,{0} دقيقة,
{0} min ago,قبل {0} دقيقة,
{0} minute,{0} دقيقة,
{0} minutes,{0} دقيقة,
{0} month,{0} شهر,
{0} months,{0} أشهر,
{0} more,{0} أخرى,
{0} more campaign is sending — it is in the list below.,حملة {0} أخرى ترسل الآن — تجدها في القائمة أدناه.,
{0} more campaigns are sending — they are in the list below.,{0} حملات أخرى ترسل الآن — تجدها في القائمة أدناه.,
{0} more rows shown,عُرضت {0} صفوف إضافية,
{0} more scheduled campaign in the list below.,و{0} حملة مجدولة أخرى في القائمة أدناه.,
{0} more scheduled campaigns in the list below.,و{0} حملة مجدولة أخرى في القائمة أدناه.,
{0} ms,{0} مللي ثانية,
{0} must be a date,يجب أن يكون {0} تاريخًا,
{0} must be a regular DocType,يجب أن يكون {0} نوع مستند عاديًا,
{0} must be a whole number,يجب أن يكون {0} عددًا صحيحًا,
{0} must be at least {1},يجب أن يكون {0} على الأقل {1},
{0} must be at most {1},يجب أن يكون {0} على الأكثر {1},
{0} must be valid JSON,يجب أن يكون {0} JSON صالحًا,
{0} new message arrived.,وصلت {0} رسالة جديدة.,
{0} new messages,{0} رسالة جديدة,
{0} new messages arrived.,وصلت {0} من الرسائل الجديدة.,
{0} not in the list,{0} ليست في القائمة,
{0} notification,{0} إشعار,
{0} notifications,{0} إشعار,
{0} number,{0} رقم,
{0} numbers,{0} رقم,
"{0} numbers added, {1} lines need attention",تمت إضافة {0} رقم، و{1} سطر يحتاج إلى مراجعة,
{0} of {1} can only be changed by the system,{0} من {1} لا يمكن تغييره إلا بواسطة النظام,
{0} of {1} done,اكتمل {0} من {1},
"{0} of {1} done, {2} failed",اكتمل {0} من {1}، وفشل {2},
{0} of {1} recipients,{0} من {1} مستلم,
{0} of {1} sent,أُرسل {0} من {1},
"{0} of {1} sent, {2} failed",{0} من {1} مُرسلة، {2} فاشلة,
{0} older message loaded.,حُمّلت {0} رسالة أقدم.,
{0} older messages loaded,تم تحميل {0} رسالة أقدم,
{0} older messages loaded.,حُمّلت {0} من الرسائل الأقدم.,
{0} opened,تم فتح {0},
{0} or Name;{0},{0} أو الاسم;{0},
{0} out of {1},{0} من {1},
{0} pairing is not supported by this provider,لا يدعم هذا المزوّد الاقتران عبر {0},
{0} paused,{0} موقوفة,
{0} pending message,{0} رسالة معلّقة,
{0} pending messages,{0} رسالة معلّقة,
{0} per minute,{0} في الدقيقة,
{0} recipient,{0} مستلم,
{0} recipients,{0} مستلم,
{0} recipients on this page,{0} مستلم في هذه الصفحة,
{0} record,{0} سجل,
{0} records,{0} سجل,
{0} report alert,{0} تنبيه تقرير,
{0} report alerts,{0} تنبيه تقرير,
{0} row,{0} صف,
{0} row selected,تم تحديد صف {0},
{0} rows,{0} صفاً,
{0} rows in file,{0} صف في الملف,
{0} rows selected,تم تحديد {0} صفوف,
{0} scheduled · {1} drafts · {2} finished,{0} مجدولة · {1} مسودة · {2} منتهية,
{0} selected,{0} محدد,
{0} sent in the last minute,أُرسل {0} في الدقيقة الأخيرة,
"{0} sent, {1} delivered, {2} read, {3} failed, of {4} recipients",{0} مُرسلة، {1} مستلمة، {2} مقروءة، {3} فاشلة، من {4} مستلم,
{0} stopped,{0} موقوف,
{0} synonym registered,{0} مرادف مسجّل,
{0} synonyms registered,{0} مرادف مسجّل,
{0} template,{0} قالب,
{0} templates,{0} قالب,
{0} the selected campaigns?,{0} الحملات المحددة؟,
{0} this row?,{0} هذا الصف؟,
{0} valid,{0} صالح,
{0} view,عرض {0},
{0} week,{0} أسبوع,
{0} weeks,{0} أسابيع,
{0} will be added,{0} ستُضاف,
{0} will be removed,{0} ستُزال,
{0} with a conversation,{0} لديها محادثة,
{0} year,{0} سنة,
{0} years,{0} سنوات,
{0} {1} campaigns?,{0} {1} من الحملات؟,
{0} {1} does not belong to you,{0} {1} لا يخصك,
{0} {1} is repeated (row {2}),{0} {1} مكرر (الصف {2}),
{0} {1} was not found,{0} {1} غير موجود,
{0} · all grouped,{0} · مجمّعة بالكامل,
{0} · grouping the first {1},{0} · تجميع أول {1},
{0} · showing {1},{0} · يُعرض {1},
{0} · showing {1}–{2},{0} · تُعرض {1}–{2},
{0} × {1} = {2} · {3} at {4}/min ≈ {5},{0} × {1} = {2} · {3} بمعدّل {4}/دقيقة ≈ {5},
{0}%,{0}%,
{0}% done,اكتمل {0}%,
{0}% · {1} / {2},{0}% · {1} / {2},
{0}/min,{0}/دقيقة,
{0}: all,{0}: الكل,
{0}: unknown fields {1},{0}: حقول غير معروفة {1},
{0}: {1} campaigns,{0}: {1} من الحملات,
{0}: {1} campaigns ({2} failed),{0}: {1} من الحملات ({2} فاشلة),
"{0}: {1} data points, latest {2} on {3}.",{0}: {1} من نقاط البيانات، آخرها {2} في {3}.,
"{0}: {1} groups, largest {2} with {3}.",{0}: {1} من المجموعات، أكبرها {2} بعدد {3}.,
{0}: {1} rows so far\u2026,{0}: {1} صفًا حتى الآن…,
{0}: {1} rows so far…,{0}: {1} صفًا حتى الآن…,
{0}?,{0}؟,
{0}\u2013{1},{0}\u2013{1},
{0}\u2013{1} of {2},{0}\u2013{1} من {2},
{0}\u2026 {1},{0}\u2026 {1},
{0}d,{0} ي,
{0}–{1},{0}–{1},
{0}–{1} of {2},{0}–{1} من {2},
{0}… {1},{0}… {1},
{key: value}; keys validated against function.settings,{key: value}؛ تُتحقق المفاتيح مقابل function.settings,
